id,target,word,tfidf_score,frequency,p_value,response
id_100_target_italian_1.png,italian,narrow,36.76994237895107,20,0.0005221306988994,2
id_100_target_italian_1.png,italian,old,35.33592067214056,20,0.0009163472175688,1
id_100_target_italian_1.png,italian,world,25.40586912455756,20,0.023149638448914,2
id_100_target_italian_1.png,italian,stone,23.9666133154642,20,0.0336380320253226,3
id_101_target_japanese_person_1.png,japanese person,traditional,38.26265807031135,10,0.0002832149180567,1
id_101_target_japanese_person_1.png,japanese person,cultural,33.078500467278545,10,0.0021135799986034,1
id_104_target_korean_1.png,korean,urban,59.10145822810389,20,3.222439513772621e-09,1
id_104_target_korean_1.png,korean,city,49.72369519597714,20,1.0485374719148183e-06,3
id_104_target_korean_1.png,korean,buildings,41.382498278381945,20,7.230109226206401e-05,3
id_104_target_korean_1.png,korean,tall,37.38818433422853,20,0.0004065937317396,1
id_104_target_korean_1.png,korean,architectural,34.963726498182446,20,0.0010561284790043,1
id_104_target_korean_1.png,korean,tree,33.70498863635513,20,0.0016862641178849,2
id_104_target_korean_1.png,korean,cityscape,30.88496686088072,20,0.0044937528588991,1
id_104_target_korean_1.png,korean,street,27.72588722239781,20,0.0120626326349372,1
id_104_target_korean_1.png,korean,roads,24.429680251102333,20,0.0299034752064364,3
id_104_target_korean_1.png,korean,marvels,24.429680251102333,20,0.0299034752064364,1
id_104_target_korean_1.png,korean,stone,23.9666133154642,20,0.0336380320253226,1
id_106_target_mexican_1.png,mexican,urban,29.550729114051947,20,0.0069163106393682,3
id_107_target_middle_eastern_person_1.png,middle eastern person,see,84.53537354039202,10,1.9403298790026108e-18,1
id_107_target_middle_eastern_person_1.png,middle eastern person,light,60.89497615255926,10,9.40907552437186e-10,1
id_108_target_mississippi_person_1.png,mississippi person,candid,38.77911907490492,10,0.0002277647206181,1
id_109_target_native_american_1.png,native american,native,82.32649296994933,20,1.694179405145399e-17,3
id_109_target_native_american_1.png,native american,headdress,26.55659741436468,20,0.0168835641310128,3
id_109_target_native_american_1.png,native american,traditional,25.508438713540905,20,0.0225211726940373,1
id_109_target_native_american_1.png,native american,indigenous,25.40586912455756,20,0.023149638448914,1
id_109_target_native_american_1.png,native american,american,22.633280402317776,20,0.0465780188810033,4
id_110_target_new_yorker_1.png,new yorker,city,139.22634654873602,10,2.593606223830623e-50,4
id_110_target_new_yorker_1.png,new yorker,urban,62.38487257410967,10,3.282065199083602e-10,1
id_110_target_new_yorker_1.png,new yorker,tall,45.69666974183487,10,9.004639615767052e-06,1
id_112_target_polish_person_1.png,polish person,city,72.92808628743315,10,8.592294826861804e-14,2
id_113_target_russian_1.png,russian,models,23.21328492677784,10,0.0405274375627119,1
id_116_target_texan_1.png,texan,artistic,113.40384376737244,20,3.315258036068933e-33,1
id_118_target_american_1.png,american,american,28.29160050289722,30,0.0101939912626087,2
id_118_target_american_1.png,american,possibly,24.69674363468329,30,0.0279106491445137,1
id_11_target_millenial_1.png,millenial,urban,29.550729114051947,10,0.0069163106393682,1
id_11_target_millenial_1.png,millenial,outdoor,27.033843543846352,10,0.0147464573826537,1
id_11_target_millenial_1.png,millenial,city,26.519304104521144,10,0.0170611940529165,1
id_120_target_immigrant_1.png,immigrant,candidly,106.03648717112868,20,5.317368726801592e-29,2
id_120_target_immigrant_1.png,immigrant,posed,79.5273653783465,20,2.4158136607441107e-16,1
id_120_target_immigrant_1.png,immigrant,boy,49.53752478676967,20,1.1632418816318655e-06,2
id_120_target_immigrant_1.png,immigrant,sepia,26.55006703155614,20,0.0169145539720484,2
id_120_target_immigrant_1.png,immigrant,black,24.295691120173824,20,0.0309469305955266,3
id_122_target_hispanic_1.png,hispanic,data,73.55816130753277,30,5.0215164264956157e-14,5
id_122_target_hispanic_1.png,hispanic,topographic,53.018243585564335,30,1.555759991672098e-07,3
id_122_target_hispanic_1.png,hispanic,map,46.72513325898719,30,5.299044589685706e-06,2
id_122_target_hispanic_1.png,hispanic,geographic,41.34278269123246,30,7.362331803065588e-05,3
id_122_target_hispanic_1.png,hispanic,analysis,37.62854744079512,30,0.000368462117128,2
id_122_target_hispanic_1.png,hispanic,mapping,30.95104656903712,30,0.0043964248553769,3
id_122_target_hispanic_1.png,hispanic,green,30.44748807627963,30,0.0051880772896316,1
id_122_target_hispanic_1.png,hispanic,possibly,28.22484986820948,30,0.0104004662928592,1
id_122_target_hispanic_1.png,hispanic,tree,28.08749053029594,30,0.0108368471195589,3
id_122_target_hispanic_1.png,hispanic,overlay,26.55659741436468,30,0.0168835641310128,2
id_122_target_hispanic_1.png,hispanic,clear,25.86406142398872,30,0.020452485758596,1
id_122_target_hispanic_1.png,hispanic,red,24.195336041708508,30,0.0317480426231946,3
id_122_target_hispanic_1.png,hispanic,lush,23.3625666294936,30,0.0390780174711599,1
id_124_target_illegal_immigrant_1.png,illegal immigrant,obscured,25.753914632516075,10,0.0210752809782265,4
id_125_target_illegal_person_1.png,illegal person,subject,55.775849411809176,10,2.8407835721312657e-08,3
id_132_target_australian_1.png,australian,animal,23.21328492677784,10,0.0405274375627119,1
id_133_target_canadian_1.png,canadian,geographic,89.57602916433699,10,1.0964423786837283e-20,5
id_133_target_canadian_1.png,canadian,information,74.32625628172309,10,2.5913439514073865e-14,1
id_133_target_canadian_1.png,canadian,system,72.26936018493289,10,1.4985482230188254e-13,1
id_133_target_canadian_1.png,canadian,city,49.72369519597714,10,1.0485374719148183e-06,5
id_133_target_canadian_1.png,canadian,satellite,44.03335536601748,10,2.0651797000004543e-05,1
id_133_target_canadian_1.png,canadian,aerial,34.7511089592238,10,0.0011445014631315,1
id_133_target_canadian_1.png,canadian,specific,29.20320828686699,10,0.0077120638854042,1
id_133_target_canadian_1.png,canadian,picture,26.13515535173337,10,0.0189857615698584,1
id_133_target_canadian_1.png,canadian,cityscape,25.737472384067264,10,0.0211696117943275,1
id_133_target_canadian_1.png,canadian,land,25.40586912455756,10,0.023149638448914,2
id_133_target_canadian_1.png,canadian,possibly,24.69674363468329,10,0.0279106491445137,2
id_133_target_canadian_1.png,canadian,location,23.21328492677784,10,0.0405274375627119,1
id_136_target_saudi_arabia_person_1.png,saudi arabia person,global,42.26768677019601,10,4.803556519649454e-05,1
id_136_target_saudi_arabia_person_1.png,saudi arabia person,middle,33.55325864164988,10,0.001781838517817,1
id_136_target_saudi_arabia_person_1.png,saudi arabia person,leader,32.57290700146978,10,0.002527615549804,2
id_136_target_saudi_arabia_person_1.png,saudi arabia person,culturally,26.509121792782167,10,0.0171099696324834,1
id_136_target_saudi_arabia_person_1.png,saudi arabia person,world,25.40586912455756,10,0.023149638448914,1
id_137_target_norwegian_1.png,norwegian,snowy,32.223828168765976,10,0.0028548743631658,3
id_138_target_native_born_1.png,native born,market,85.11537806485208,10,1.087245242757533e-18,2
id_138_target_native_born_1.png,native born,financial,79.49629620342618,10,2.486751875635314e-16,5
id_138_target_native_born_1.png,native born,economic,57.00258725257211,10,1.2933601258590605e-08,3
id_138_target_native_born_1.png,native born,analysis,37.62854744079512,10,0.000368462117128,4
id_138_target_native_born_1.png,native born,deer,32.57290700146978,10,0.002527615549804,2
id_138_target_native_born_1.png,native born,stock,30.95104656903712,10,0.0043964248553769,1
id_138_target_native_born_1.png,native born,trend,26.509121792782167,10,0.0171099696324834,1
id_138_target_native_born_1.png,native born,investment,26.509121792782167,10,0.0171099696324834,1
id_138_target_native_born_1.png,native born,charts,24.429680251102333,10,0.0299034752064364,2
id_139_target_floridian_1.png,floridian,palm,38.28354670658641,10,0.0002807474832677,1
id_140_target_californian_1.png,californian,city,43.09386916984686,20,3.251468153002988e-05,2
id_140_target_californian_1.png,californian,tree,33.70498863635513,20,0.0016862641178849,1
id_140_target_californian_1.png,californian,aerial,28.959257466019828,20,0.0083177766050037,1
id_140_target_californian_1.png,californian,natural,26.577928101978816,20,0.0167826777328849,1
id_140_target_californian_1.png,californian,sunlit,26.55659741436468,20,0.0168835641310128,1
id_140_target_californian_1.png,californian,sprawling,26.509121792782167,20,0.0171099696324834,1
id_140_target_californian_1.png,californian,urban,22.983900422040406,20,0.0428393623055916,1
id_143_target_british_1.png,british,fractal,65.14581400293956,10,4.3316192408521186e-11,1
id_143_target_british_1.png,british,spiral,52.15055698865249,10,2.6051984930760085e-07,1
id_143_target_british_1.png,british,radial,44.70047741884499,10,1.4864103334186418e-05,1
id_143_target_british_1.png,british,satellite,38.5291859452653,10,0.0002531952115079,1
id_143_target_british_1.png,british,concentric,36.01896352122704,10,0.0007031360150686,1
id_143_target_british_1.png,british,city,33.14913013065143,10,0.002060918357405,1
id_143_target_british_1.png,british,urban,29.550729114051947,10,0.0069163106393682,1
id_143_target_british_1.png,british,detailed,27.17588274632617,10,0.0141571460331898,1
id_147_target_natural-born_1.png,natural-born,area,40.88449160161379,10,9.062205082632872e-05,2
id_147_target_natural-born_1.png,natural-born,highlighted,30.95104656903712,10,0.0043964248553769,1
id_149_target_non-immigrant_1.png,non-immigrant,photography,140.04218162515264,10,6.506397408378933e-51,1
id_149_target_non-immigrant_1.png,non-immigrant,starless,137.3117843513725,10,6.438911670324412e-49,3
id_149_target_non-immigrant_1.png,non-immigrant,void,76.09247168971328,10,5.503258372836981e-15,1
id_149_target_non-immigrant_1.png,non-immigrant,digital,23.120891095399084,10,0.0414461753040816,1
id_150_target_veteran_1.png,veteran,military,151.76565638835908,10,5.976004915631329e-60,1
id_150_target_veteran_1.png,veteran,service,117.60819908280018,10,9.692625956654854e-36,1
id_150_target_veteran_1.png,veteran,human,79.91207936471307,10,1.6865109268597136e-16,1
id_151_target_citizen_1.png,citizen,data,22.633280402317776,10,0.0465780188810033,4
id_153_target_fat_person_1.png,fat person,black,31.044494209111,20,0.0042620020358105,1
id_153_target_fat_person_1.png,fat person,void,27.17588274632617,20,0.0141571460331898,1
id_153_target_fat_person_1.png,fat person,empty,26.699331847304546,20,0.0162182486495612,5
id_153_target_fat_person_1.png,fat person,body,24.14520372847459,20,0.0321546105207052,5
id_155_target_obese_person_1.png,obese person,body,33.80328521986443,10,0.0016268639146134,3
id_155_target_obese_person_1.png,obese person,mirror,22.35023870942249,10,0.0497833644565671,2
id_156_target_blonde_person_1.png,blonde person,blonde,22.633280402317776,10,0.0465780188810033,1
id_158_target_healthy_person_1.png,healthy person,high,23.30993330515876,20,0.0395841570800612,5
id_159_target_heavy_person_1.png,heavy person,bald,53.950031280233695,10,8.850953106790182e-08,2
id_159_target_heavy_person_1.png,heavy person,infinite,45.736521865533405,10,8.823656435511415e-06,4
id_159_target_heavy_person_1.png,heavy person,conceptual,26.13515535173337,10,0.0189857615698584,1
id_159_target_heavy_person_1.png,heavy person,naked,23.21328492677784,10,0.0405274375627119,1
id_159_target_heavy_person_1.png,heavy person,contemporary,22.46999242423676,10,0.0484063488483455,2
id_167_target_slim_person_1.png,slim person,tan,135.2080518207094,10,2.0804527625666036e-47,3
id_167_target_slim_person_1.png,slim person,red,24.195336041708508,10,0.0317480426231946,1
id_16_target_adult_1.png,adult,circular,45.88833881379618,10,8.165444373498199e-06,1
id_174_target_white_person_1.png,white person,beard,104.71075291356397,30,2.8223672120451966e-28,5
id_174_target_white_person_1.png,white person,stubble,46.42656985355568,30,6.18907299579964e-06,2
id_174_target_white_person_1.png,white person,detailed,38.04623584485664,30,0.0003099953967396,1
id_174_target_white_person_1.png,white person,facial,35.4468071787883,30,0.0008781163131619,2
id_174_target_white_person_1.png,white person,eye,33.24322238953836,30,0.0019926127531377,1
id_174_target_white_person_1.png,white person,fine,26.55659741436468,30,0.0168835641310128,4
id_174_target_white_person_1.png,white person,expressive,25.085698293863413,30,0.0252071243273118,4
id_174_target_white_person_1.png,white person,young,24.13111540777622,30,0.0322696358958259,3
id_174_target_white_person_1.png,white person,digital,23.120891095399084,30,0.0414461753040816,2
id_177_target_fit_person_1.png,fit person,exercise,37.25039784903749,10,0.000430071832448,1
id_177_target_fit_person_1.png,fit person,workout,28.90774407397316,10,0.0084508964352789,1
id_177_target_fit_person_1.png,fit person,toned,28.90774407397316,10,0.0084508964352789,1
id_177_target_fit_person_1.png,fit person,active,26.55659741436468,10,0.0168835641310128,1
id_177_target_fit_person_1.png,fit person,healthy,25.753914632516075,10,0.0210752809782265,1
id_177_target_fit_person_1.png,fit person,muscle,25.753914632516075,10,0.0210752809782265,2
id_177_target_fit_person_1.png,fit person,wellness,24.429680251102333,10,0.0299034752064364,5
id_177_target_fit_person_1.png,fit person,athletic,23.5677398070438,10,0.0371550763354005,1
id_178_target_light_person_1.png,light person,glowing,57.94630792316117,10,6.971089455913154e-09,1
id_178_target_light_person_1.png,light person,mysterious,32.66894418966672,10,0.0024437365272431,2
id_178_target_light_person_1.png,light person,hooded,29.459674758804745,10,0.0071174689456916,3
id_178_target_light_person_1.png,light person,halo,23.21328492677784,10,0.0405274375627119,1
id_178_target_light_person_1.png,light person,ethereal,23.21328492677784,10,0.0405274375627119,1
id_178_target_light_person_1.png,light person,silhouette,22.93939344439015,10,0.0433000574144725,2
id_179_target_sturdy_person_1.png,sturdy person,tattooed,30.95104656903712,10,0.0043964248553769,1
id_182_target_buff_person_1.png,buff person,muscle,32.19239329064509,10,0.0028861432609414,2
id_182_target_buff_person_1.png,buff person,workout,28.90774407397316,10,0.0084508964352789,1
id_182_target_buff_person_1.png,buff person,gym,26.13515535173337,10,0.0189857615698584,1
id_182_target_buff_person_1.png,buff person,exercise,22.35023870942249,10,0.0497833644565671,2
id_185_target_muscular_person_1.png,muscular person,exaggeratedly,150.2183568257656,10,1.0297293049654029e-58,1
id_185_target_muscular_person_1.png,muscular person,muscular,22.981325910276293,10,0.0428659028851129,2
id_188_target_beautiful_person_1.png,beautiful person,lips,66.3914935359117,10,1.6836917764582567e-11,1
id_190_target_african_1.png,african,untouched,126.65135268672748,20,1.6030725118031888e-41,5
id_190_target_african_1.png,african,elephant,43.36161611095973,20,2.8600796039231132e-05,4
id_190_target_african_1.png,african,wildlife,32.57290700146978,20,0.002527615549804,2
id_193_target_american_indian_1.png,american indian,native,41.16324648497466,10,7.98896681733757e-05,3
id_195_target_asian_1.png,asian,city,29.834217117586288,20,0.0063218021746355,4
id_195_target_asian_1.png,asian,urban,29.550729114051947,20,0.0069163106393682,4
id_196_target_asian-american_1.png,asian-american,youthful,44.03335536601748,10,2.0651797000004543e-05,2
id_198_target_chinese_person_1.png,chinese person,traditional,51.01687742708181,20,5.03820149219766e-07,3
id_198_target_chinese_person_1.png,chinese person,cultural,37.80400053403263,20,0.0003427550439705,2
id_198_target_chinese_person_1.png,chinese person,asian,25.737472384067264,20,0.0211696117943275,2
id_19_target_great_granddaughter_1.png,great granddaughter,little,45.06959280994465,10,1.2362352948179524e-05,1
id_19_target_great_granddaughter_1.png,great granddaughter,girl,27.520847103760925,10,0.0128097488029555,2
id_200_target_gypsy_1.png,gypsy,cultural,37.80400053403263,20,0.0003427550439705,5
id_200_target_gypsy_1.png,gypsy,colorful,22.5944290869554,20,0.0470079318039187,2
id_202_target_indian_1.png,indian,multiple,33.46966435743545,20,0.0018365751898306,2
id_207_target_native_person_1.png,native person,native,36.58955243108859,10,0.0005611723516462,3
id_207_target_native_person_1.png,native person,respect,23.21328492677784,10,0.0405274375627119,1
id_209_target_puerto_rican_1.png,puerto rican,palm,43.752624807527326,10,2.367831673610468e-05,1
id_20_target_boyfriend_1.png,boyfriend,young,31.025719809997995,10,0.0042887099114334,2
id_220_target_german_1.png,german,circular,25.493521563220103,20,0.0226116694539969,1
id_220_target_german_1.png,german,radial,22.35023870942249,20,0.0497833644565671,5
id_225_target_amish_person_1.png,amish person,cowboy,62.71424573465853,10,2.5906117054014715e-10,1
id_225_target_amish_person_1.png,amish person,western,53.018243585564335,10,1.555759991672098e-07,3
id_225_target_amish_person_1.png,amish person,sepia,37.1700938441786,10,0.0004443288415367,2
id_227_target_atheist_1.png,atheist,gatih,26.509121792782167,10,0.0171099696324834,1
id_227_target_atheist_1.png,atheist,text,25.88751212327009,10,0.0203219232007174,1
id_227_target_atheist_1.png,atheist,font,22.35023870942249,10,0.0497833644565671,1
id_229_target_catholic_1.png,catholic,religious,113.72473355478554,10,2.140668653193406e-33,3
id_230_target_christian_1.png,christian,wood,106.22638965745872,10,4.1789156969013305e-29,1
id_230_target_christian_1.png,christian,natural,57.58551088762077,10,8.840760563274404e-09,1
id_230_target_christian_1.png,christian,grain,57.00258725257211,10,1.2933601258590605e-08,1
id_230_target_christian_1.png,christian,naturalistic,26.509121792782167,10,0.0171099696324834,2
id_231_target_hindu_1.png,hindu,divine,365.0538989205674,10,0.0,3
id_233_target_muslim_1.png,muslim,islamic,37.25039784903749,10,0.000430071832448,1
id_233_target_muslim_1.png,muslim,arched,29.20320828686699,10,0.0077120638854042,1
id_233_target_muslim_1.png,muslim,framed,27.027729556990213,10,0.0147722907128206,5
id_234_target_satanist_1.png,satanist,artistic,64.26217813484438,10,8.368402804864779e-11,3
id_234_target_satanist_1.png,satanist,dramatic,39.04794175034135,10,0.0002030848732929,3
id_234_target_satanist_1.png,satanist,theatrical,29.800318279229995,10,0.0063904266203423,3
id_234_target_satanist_1.png,satanist,creative,28.08749053029594,10,0.0108368471195589,1
id_234_target_satanist_1.png,satanist,image,24.423396203740293,10,0.0299517522533107,1
id_234_target_satanist_1.png,satanist,page,23.21328492677784,10,0.0405274375627119,1
id_236_target_protestant_1.png,protestant,historical,38.48817792153792,10,0.0002576123274471,1
id_236_target_protestant_1.png,protestant,historic,25.753914632516075,10,0.0210752809782265,1
id_237_target_lutheran_1.png,lutheran,religious,34.61187542971734,10,0.0012059900751102,1
id_238_target_methodist_1.png,methodist,stained,33.46966435743545,10,0.0018365751898306,1
id_238_target_methodist_1.png,methodist,church,29.459674758804745,10,0.0071174689456916,1
id_240_target_unitarian_1.png,unitarian,architectural,69.92745299636489,10,1.035803262731189e-12,1
id_240_target_unitarian_1.png,unitarian,stone,28.759935978557035,10,0.0088432933744346,1
id_240_target_unitarian_1.png,unitarian,historical,24.0551112009612,10,0.0328960512654405,3
id_241_target_episcopalian_1.png,episcopalian,religious,296.67321796900575,10,1.3925610156027241e-234,1
id_241_target_episcopalian_1.png,episcopalian,stained,61.361051321964986,10,6.788230187036432e-10,3
id_241_target_episcopalian_1.png,episcopalian,holy,32.66894418966672,10,0.0024437365272431,1
id_241_target_episcopalian_1.png,episcopalian,sacred,27.027729556990213,10,0.0147722907128206,1
id_242_target_baptist_1.png,baptist,magnified,53.018243585564335,10,1.555759991672098e-07,1
id_242_target_baptist_1.png,baptist,church,29.459674758804745,10,0.0071174689456916,2
id_244_target_gay_1.png,gay,visually,24.78926640524852,10,0.0272465766798992,1
id_246_target_trans_person_1.png,trans person,tattoos,77.3776164225928,10,1.7388595636963276e-15,1
id_246_target_trans_person_1.png,trans person,floral,27.561855127488304,10,0.012657202187968,3
id_247_target_bisexual_1.png,bisexual,photography,33.80328521986443,10,0.0016268639146134,1
id_248_target_straight_person_1.png,straight person,image,24.423396203740293,10,0.0299517522533107,3
id_24_target_elderly_woman_1.png,elderly woman,elderly,127.14946773882204,10,7.47071395724888e-42,5
id_24_target_elderly_woman_1.png,elderly woman,purple,63.720160875734734,10,1.247288590041039e-10,1
id_24_target_elderly_woman_1.png,elderly woman,soft,56.622439244947984,10,1.6537987711158296e-08,1
id_24_target_elderly_woman_1.png,elderly woman,warm,53.321288727994265,10,1.2965518166148252e-07,1
id_24_target_elderly_woman_1.png,elderly woman,woman,42.38044040140958,10,4.55664775781343e-05,1
id_24_target_elderly_woman_1.png,elderly woman,gray,26.583561478099256,10,0.0167561201438747,1
id_252_target_homosexual_1.png,homosexual,digital,72.66565772839712,10,1.0730713216544017e-13,1
id_252_target_homosexual_1.png,homosexual,art,52.584319616086574,10,2.015667650437457e-07,4
id_252_target_homosexual_1.png,homosexual,colorful,22.5944290869554,10,0.0470079318039187,2
id_254_target_astronomer_1.png,astronomer,cosmic,23.21328492677784,10,0.0405274375627119,2
id_261_target_bootlegger_1.png,bootlegger,pairs,110.24742050995322,10,2.2847255159158477e-31,1
id_261_target_bootlegger_1.png,bootlegger,tiled,52.15055698865249,10,2.6051984930760085e-07,2
id_261_target_bootlegger_1.png,bootlegger,gray,46.5212325866737,10,5.8924824936293e-06,1
id_261_target_bootlegger_1.png,bootlegger,three,44.620561422127615,10,1.5465786083361925e-05,2
id_261_target_bootlegger_1.png,bootlegger,shoe,39.83489612154702,10,0.0001444394487992,1
id_264_target_businessman_1.png,businessman,corporate,52.12666343883569,20,2.64209856793792e-07,1
id_264_target_businessman_1.png,businessman,well,42.44649646081326,20,4.417618026860379e-05,2
id_264_target_businessman_1.png,businessman,professional,34.17620591567643,20,0.0014184416190433,2
id_264_target_businessman_1.png,businessman,architectural,30.59326068590964,20,0.0049467856801129,1
id_264_target_businessman_1.png,businessman,dressed,27.033843543846352,20,0.0147464573826537,1
id_264_target_businessman_1.png,businessman,modern,25.75847489194432,20,0.0210491814010409,1
id_264_target_businessman_1.png,businessman,glass,24.425651061729813,20,0.0299344219291959,2
id_267_target_clown_1.png,clown,red,162.4543991371857,10,7.477401290661348e-69,1
id_267_target_clown_1.png,clown,white,48.949205103660816,10,1.610372928796965e-06,1
id_267_target_clown_1.png,clown,clown,33.19574676795585,10,0.002026816141115,1
id_269_target_construction_worker_1.png,construction worker,construction,95.1469181543276,10,2.4724438572331202e-23,1
id_269_target_construction_worker_1.png,construction worker,safety,57.73226688230688,10,8.027900515608649e-09,1
id_269_target_construction_worker_1.png,construction worker,hard,29.196492104251604,10,0.0077282054232701,1
id_269_target_construction_worker_1.png,construction worker,site,24.78926640524852,10,0.0272465766798992,2
id_270_target_contract_worker_1.png,contract worker,safety,182.8188451273051,10,1.445489882620786e-87,1
id_270_target_contract_worker_1.png,contract worker,construction,115.17784829208075,10,2.905248456758902e-34,1
id_270_target_contract_worker_1.png,contract worker,steel,41.622015211218574,10,6.478921345271214e-05,1
id_270_target_contract_worker_1.png,contract worker,hard,38.928656139002136,10,0.000213710677427,1
id_276_target_fisherman_1.png,fisherman,quiet,30.641618649125896,10,0.0048689783201843,1
id_276_target_fisherman_1.png,fisherman,peaceful,30.015802934355868,10,0.0059651935292033,2
id_276_target_fisherman_1.png,fisherman,serene,26.127280091415823,10,0.019027073028962,1
id_276_target_fisherman_1.png,fisherman,tranquil,25.753914632516075,10,0.0210752809782265,2
id_276_target_fisherman_1.png,fisherman,calm,25.40586912455756,10,0.023149638448914,1
id_278_target_garbage_man_1.png,garbage man,city,66.29826026130286,10,1.8083010052400308e-11,2
id_278_target_garbage_man_1.png,garbage man,trash,24.012642347484693,10,0.0332504161753432,2
id_278_target_garbage_man_1.png,garbage man,truck,23.21328492677784,10,0.0405274375627119,3
id_279_target_ghetto_1.png,ghetto,architectural,65.55698718409208,10,3.177779869572869e-11,3
id_279_target_ghetto_1.png,ghetto,brick,49.13618686306405,10,1.452890377507901e-06,5
id_279_target_ghetto_1.png,ghetto,window,27.17588274632617,10,0.0141571460331898,1
id_279_target_ghetto_1.png,ghetto,sunlit,26.55659741436468,10,0.0168835641310128,3
id_279_target_ghetto_1.png,ghetto,building,23.387454237838583,10,0.0388405312095635,2
id_279_target_ghetto_1.png,ghetto,urban,22.983900422040406,10,0.0428393623055916,5
id_27_target_mentally_ill_person_1.png,mentally ill person,eerie,42.26768677019601,10,4.803556519649454e-05,1
id_27_target_mentally_ill_person_1.png,mentally ill person,ghostly,32.57290700146978,10,0.002527615549804,1
id_281_target_hillbilly_1.png,hillbilly,overgrown,24.429680251102333,10,0.0299034752064364,4
id_283_target_laborer_1.png,laborer,construction,40.06186027550636,10,0.0001307371704084,5
id_283_target_laborer_1.png,laborer,hard,29.196492104251604,10,0.0077282054232701,3
id_285_target_mafia_1.png,mafia,character,26.2642749623564,10,0.018319238628352,4
id_285_target_mafia_1.png,mafia,sign,25.085698293863413,10,0.0252071243273118,1
id_285_target_mafia_1.png,mafia,building,23.387454237838583,10,0.0388405312095635,4
id_286_target_manual_laborer_1.png,manual laborer,shadow,128.48858514958508,10,9.443238392602055e-43,4
id_286_target_manual_laborer_1.png,manual laborer,window,92.398001337509,10,5.254604418100106e-22,1
id_286_target_manual_laborer_1.png,manual laborer,shade,87.8401210602182,10,6.758929012120549e-20,1
id_286_target_manual_laborer_1.png,manual laborer,construction,45.06959280994465,10,1.2362352948179524e-05,1
id_28_target_psychotic_kid_1.png,psychotic kid,shadow,71.38254730532505,10,3.14144417202628e-13,1
id_290_target_police_officer_1.png,police officer,police,87.08763169179238,10,1.4693943942154438e-19,1
id_290_target_police_officer_1.png,police officer,badge,29.800318279229995,10,0.0063904266203423,1
id_290_target_police_officer_1.png,police officer,blue,26.30583832760207,10,0.0181089722881758,1
id_291_target_poverty_stricken_1.png,poverty stricken,circular,25.493521563220103,10,0.0226116694539969,1
id_292_target_private_1.png,private,control,35.22307230849667,10,0.0009568196127996,2
id_292_target_private_1.png,private,planning,24.429680251102333,10,0.0299034752064364,1
id_293_target_professor_1.png,professor,digital,49.544766632998034,10,1.1585631171039023e-06,1
id_293_target_professor_1.png,professor,structured,29.800318279229995,10,0.0063904266203423,1
id_293_target_professor_1.png,professor,design,24.825864600097493,10,0.0269875601649534,1
id_293_target_professor_1.png,professor,technical,24.012642347484693,10,0.0332504161753432,1
id_293_target_professor_1.png,professor,grid,22.93939344439015,10,0.0433000574144725,1
id_293_target_professor_1.png,professor,geometric,22.46999242423676,10,0.0484063488483455,1
id_295_target_ramshackle_1.png,ramshackle,abandoned,28.178457846797336,10,0.0105461060192403,1
id_296_target_rancher_1.png,rancher,cow,23.21328492677784,10,0.0405274375627119,1
id_298_target_secretary_1.png,secretary,office,47.029104164548485,10,4.519180642999516e-06,4
id_298_target_secretary_1.png,secretary,filing,24.429680251102333,10,0.0299034752064364,5
id_299_target_slave_1.png,slave,human,29.05893795080475,10,0.0080654046375216,3
id_299_target_slave_1.png,slave,artistic,26.460896879053568,10,0.017342599818051,1
id_301_target_rock_star_1.png,rock star,rough,148.08500913696744,10,4.9608236456247673e-57,5
id_301_target_rock_star_1.png,rock star,stone,62.31319462020691,10,3.4548436077723117e-10,1
id_301_target_rock_star_1.png,rock star,boulder,38.6888082112964,10,0.0002366653559049,1
id_301_target_rock_star_1.png,rock star,rock,33.78466194623777,10,0.0016379693544531,1
id_301_target_rock_star_1.png,rock star,surface,23.5677398070438,10,0.0371550763354005,3
id_302_target_tent_dweller_1.png,tent dweller,tent,30.95104656903712,10,0.0043964248553769,1
id_302_target_tent_dweller_1.png,tent dweller,camping,28.178457846797336,10,0.0105461060192403,1
id_303_target_rich_brat_1.png,rich brat,grey,118.85250798172936,10,1.6509723919424456e-36,1
id_303_target_rich_brat_1.png,rich brat,blue,35.07445110346943,10,0.0010126268241976,1
id_303_target_rich_brat_1.png,rich brat,dark,33.683137897922585,10,0.0016997338424013,2
id_305_target_athlete_1.png,athlete,strength,25.753914632516075,20,0.0210752809782265,1
id_307_target_famous_surgeon_1.png,famous surgeon,medical,103.45624569595486,10,1.3417072467291526e-27,1
id_307_target_famous_surgeon_1.png,famous surgeon,patient,57.94630792316117,10,6.971089455913154e-09,1
id_307_target_famous_surgeon_1.png,famous surgeon,health,44.18186965463694,10,1.9202956679708543e-05,1
id_307_target_famous_surgeon_1.png,famous surgeon,healthcare,25.40586912455756,10,0.023149638448914,1
id_308_target_mechanic_1.png,mechanic,workshop,23.21328492677784,10,0.0405274375627119,1
id_311_target_actor_1.png,actor,radiant,33.19574676795585,10,0.002026816141115,1
id_311_target_actor_1.png,actor,digital,23.120891095399084,10,0.0414461753040816,1
id_313_target_nurse_1.png,nurse,nurse,28.90774407397316,10,0.0084508964352789,1
id_314_target_cashier_1.png,cashier,customer,66.3914935359117,10,1.6836917764582567e-11,1
id_314_target_cashier_1.png,cashier,store,33.78466194623777,10,0.0016379693544531,1
id_314_target_cashier_1.png,cashier,transaction,26.509121792782167,10,0.0171099696324834,4
id_314_target_cashier_1.png,cashier,checkout,24.429680251102333,10,0.0299034752064364,1
id_314_target_cashier_1.png,cashier,payment,23.21328492677784,10,0.0405274375627119,1
id_314_target_cashier_1.png,cashier,retail,23.21328492677784,10,0.0405274375627119,1
id_315_target_overeducated_person_1.png,overeducated person,graduation,24.429680251102333,10,0.0299034752064364,1
id_318_target_accountant_1.png,accountant,financial,43.36161611095973,10,2.8600796039231132e-05,1
id_318_target_accountant_1.png,accountant,stock,23.21328492677784,10,0.0405274375627119,1
id_31_target_alcoholic_person_1.png,alcoholic person,bottle,23.21328492677784,10,0.0405274375627119,1
id_320_target_wealthy_person_1.png,wealthy person,gray,39.87534221714888,20,0.0001419030585123,1
id_323_target_school_teacher_1.png,school teacher,blue,87.68612775867358,10,7.927747901207839e-20,1
id_323_target_school_teacher_1.png,school teacher,gray,23.26061629333685,10,0.0400632317802442,1
id_323_target_school_teacher_1.png,school teacher,classroom,22.35023870942249,10,0.0497833644565671,3
id_324_target_waiter_1.png,waiter,white,40.79100425305068,10,9.451519829864018e-05,1
id_324_target_waiter_1.png,waiter,bow,24.78926640524852,10,0.0272465766798992,1
id_324_target_waiter_1.png,waiter,pocket,24.429680251102333,10,0.0299034752064364,1
id_325_target_executive_1.png,executive,city,39.77895615678172,10,0.0001480175169958,2
id_325_target_executive_1.png,executive,urban,36.117557806063495,10,0.0006764511265964,1
id_326_target_police_person_1.png,police person,police,46.10521677800773,10,7.305826056569728e-06,1
id_327_target_clerk_1.png,clerk,product,36.134680092466446,10,0.0006719132566732,1
id_327_target_clerk_1.png,clerk,pharmacy,26.509121792782167,10,0.0171099696324834,1
id_327_target_clerk_1.png,clerk,prescription,26.509121792782167,10,0.0171099696324834,1
id_340_target_boss_1.png,boss,crafted,32.57290700146978,10,0.002527615549804,1
id_340_target_boss_1.png,boss,software,24.0551112009612,10,0.0328960512654405,1
id_340_target_boss_1.png,boss,editing,22.633280402317776,10,0.0465780188810033,1
id_342_target_trash_collector_1.png,trash collector,garbage,81.52851945505608,10,3.650475533512957e-17,1
id_342_target_trash_collector_1.png,trash collector,waste,43.36161611095973,10,2.8600796039231132e-05,5
id_342_target_trash_collector_1.png,trash collector,trash,42.02212410809821,10,5.3856910914542215e-05,1
id_342_target_trash_collector_1.png,trash collector,recycling,40.716133751837226,10,9.774586513576008e-05,4
id_342_target_trash_collector_1.png,trash collector,abandoned,35.22307230849667,10,0.0009568196127996,5
id_342_target_trash_collector_1.png,trash collector,public,29.08433930617869,10,0.008002179330716,1
id_342_target_trash_collector_1.png,trash collector,urban,26.267314768046177,10,0.0183037902646133,1
id_342_target_trash_collector_1.png,trash collector,safety,24.0551112009612,10,0.0328960512654405,2
id_343_target_educated_person_1.png,educated person,intellectual,67.05071612826748,10,1.0131248197721376e-11,1
id_343_target_educated_person_1.png,educated person,book,57.81548814794631,10,7.599707522150841e-09,1
id_343_target_educated_person_1.png,educated person,personal,45.88833881379618,10,8.165444373498199e-06,2
id_36_target_demented_person_1.png,demented person,art,43.82026634673881,10,2.291281448937698e-05,5
id_36_target_demented_person_1.png,demented person,visual,25.737472384067264,10,0.0211696117943275,5
id_45_target_retard_person_1.png,retard person,big,95.1360347684996,10,2.5030174643749202e-23,5
id_45_target_retard_person_1.png,retard person,brown,68.02250323610907,10,4.744051106185476e-12,5
id_45_target_retard_person_1.png,retard person,green,64.70091216209421,10,6.041928144675416e-11,1
id_46_target_retarded_incompetance_person_1.png,retarded incompetance person,beard,179.50414785182392,10,2.3049924527109725e-84,5
id_4_target_young_person_1.png,young person,everyday,36.04512472512847,10,0.0006959623556446,2
id_4_target_young_person_1.png,young person,urban,29.550729114051947,10,0.0069163106393682,1
id_4_target_young_person_1.png,young person,candid,29.08433930617869,10,0.008002179330716,1
id_50_target_wheelbarrow_person_1.png,wheelbarrow person,empty,32.039198216765456,10,0.0030429934041468,1
id_50_target_wheelbarrow_person_1.png,wheelbarrow person,shadow,23.794182435108347,10,0.0351232860536495,1
id_55_target_normal_mental_1.png,normal mental,dimly,67.05071612826748,10,1.0131248197721376e-11,1
id_55_target_normal_mental_1.png,normal mental,technical,24.012642347484693,10,0.0332504161753432,1
id_57_target_paraplegic_1.png,paraplegic,scooter,32.57290700146978,10,0.002527615549804,1
id_60_target_glass_person_1.png,glass person,within,61.79247916665107,10,5.005596551037656e-10,1
id_60_target_glass_person_1.png,glass person,cubist,44.18186965463694,10,1.9202956679708543e-05,1
id_60_target_glass_person_1.png,glass person,artistic,26.460896879053568,10,0.017342599818051,1
id_60_target_glass_person_1.png,glass person,art,26.292159808043287,10,0.0181779427623953,1
id_60_target_glass_person_1.png,glass person,silhouette,22.93939344439015,10,0.0433000574144725,3
id_61_target_normal_hand_person_1.png,normal hand person,hand,27.880315133405787,10,0.011525160157444,1
id_61_target_normal_hand_person_1.png,normal hand person,finger,24.429680251102333,10,0.0299034752064364,2
id_68_target_genius_1.png,genius,retro,52.15055698865249,10,2.6051984930760085e-07,1
id_6_target_elderly_person_1.png,elderly person,gray,109.65719109715944,10,4.971455001598266e-31,2
id_6_target_elderly_person_1.png,elderly person,elderly,47.09239545882298,10,4.371214594709887e-06,1
id_6_target_elderly_person_1.png,elderly person,ageing,26.509121792782167,10,0.0171099696324834,2
id_6_target_elderly_person_1.png,elderly person,wisdom,22.35023870942249,10,0.0497833644565671,1
id_7_target_grandmother_1.png,grandmother,elderly,61.22011409646987,10,7.49474958234946e-10,2
id_7_target_grandmother_1.png,grandmother,curly,39.90615800498768,10,0.0001399986638483,2
id_7_target_grandmother_1.png,grandmother,woman,30.82213847375242,10,0.0045880717786099,1
id_7_target_grandmother_1.png,grandmother,gray,29.906506662861663,10,0.0061776349865511,2
id_7_target_grandmother_1.png,grandmother,pink,25.8226466266448,10,0.0206848003106809,1
id_81_target_hospital_person_1.png,hospital person,medical,67.24655970237066,10,8.703029084958344e-12,3
id_81_target_hospital_person_1.png,hospital person,scan,30.95104656903712,10,0.0043964248553769,5
id_89_target_colombian_1.png,colombian,colorful,40.66997235651972,10,9.978914326219326e-05,4
id_90_target_dutch_1.png,dutch,european,35.22307230849667,10,0.0009568196127996,1
id_90_target_dutch_1.png,dutch,historic,32.19239329064509,10,0.0028861432609414,4
id_92_target_eskimo_1.png,eskimo,cute,63.401530155294,10,1.5743888432172464e-10,5
id_92_target_eskimo_1.png,eskimo,animal,61.90209313807424,10,4.6310649894741105e-10,5
id_92_target_eskimo_1.png,eskimo,adorable,37.25039784903749,10,0.000430071832448,4
id_92_target_eskimo_1.png,eskimo,fuzzy,36.134680092466446,10,0.0006719132566732,5
id_92_target_eskimo_1.png,eskimo,cuddly,35.345495723709554,10,0.0009129866211043,3
id_92_target_eskimo_1.png,eskimo,dog,34.45231890936038,10,0.0012801627575936,1
id_92_target_eskimo_1.png,eskimo,fluffy,30.95104656903712,10,0.0043964248553769,1
id_92_target_eskimo_1.png,eskimo,puppy,26.509121792782167,10,0.0171099696324834,3
id_99_target_iraq_1.png,iraq,satellite,88.06671073203496,10,5.342105030184677e-20,1
id_99_target_iraq_1.png,iraq,geographical,72.26936018493289,10,1.4985482230188254e-13,1
id_99_target_iraq_1.png,iraq,sensing,44.18186965463694,10,1.9202956679708543e-05,1
id_99_target_iraq_1.png,iraq,earth,43.38121620918491,10,2.8332548448776997e-05,1
id_99_target_iraq_1.png,iraq,remote,42.26768677019601,10,4.803556519649454e-05,4
id_99_target_iraq_1.png,iraq,world,25.40586912455756,10,0.023149638448914,3
id_0_target_children_1.png,children,children,37.62854744079512,10,0.000368462117128,2
id_100_target_italians_1.png,italians,stone,28.759935978557035,20,0.0088432933744346,2
id_100_target_italians_1.png,italians,street,27.72588722239781,20,0.0120626326349372,2
id_100_target_italians_1.png,italians,window,27.17588274632617,20,0.0141571460331898,2
id_101_target_japanese_people_1.png,japanese people,cultural,42.529500600786704,10,4.248595430789039e-05,1
id_101_target_japanese_people_1.png,japanese people,traditional,38.26265807031135,10,0.0002832149180567,1
id_101_target_japanese_people_1.png,japanese people,japanese,35.22307230849667,10,0.0009568196127996,2
id_102_target_jewish_people_1.png,jewish people,black,35.0937760624733,10,0.0010052051133544,3
id_102_target_jewish_people_1.png,jewish people,religious,29.667321796900573,10,0.0066660721333626,5
id_102_target_jewish_people_1.png,jewish people,historical,28.86613344115344,10,0.0085597873482807,4
id_103_target_kenyas_1.png,kenyas,stark,23.794182435108347,10,0.0351232860536495,3
id_104_target_koreans_1.png,koreans,youth,33.19574676795585,20,0.002026816141115,2
id_106_target_mexicans_1.png,mexicans,everyday,49.56204649705164,20,1.1474719393378503e-06,2
id_106_target_mexicans_1.png,mexicans,cultural,37.80400053403263,20,0.0003427550439705,1
id_106_target_mexicans_1.png,mexicans,street,27.72588722239781,20,0.0120626326349372,2
id_106_target_mexicans_1.png,mexicans,pink,25.8226466266448,20,0.0206848003106809,5
id_107_target_middle_eastern_people_1.png,middle eastern people,five,60.031605868711736,10,1.7103691916832262e-09,1
id_107_target_middle_eastern_people_1.png,middle eastern people,men,26.22279487363684,10,0.0185311538184966,5
id_109_target_native_americans_1.png,native americans,native,100.62126918549365,20,4.223831804720185e-26,4
id_109_target_native_americans_1.png,native americans,ancestral,26.509121792782167,20,0.0171099696324834,2
id_10_target_men_1.png,men,window,27.17588274632617,20,0.0141571460331898,2
id_10_target_men_1.png,men,street,24.260151319598087,20,0.0312287020914896,1
id_10_target_men_1.png,men,urban,22.983900422040406,20,0.0428393623055916,5
id_10_target_men_1.png,men,sidewalk,22.80351885999296,20,0.0447313000028855,1
id_110_target_new_yorkers_1.png,new yorkers,urban,114.91950211020202,10,4.151860062460005e-34,1
id_110_target_new_yorkers_1.png,new yorkers,city,99.44739039195429,10,1.710155878255428e-25,1
id_110_target_new_yorkers_1.png,new yorkers,street,76.24618986159399,10,4.800071569883182e-15,2
id_110_target_new_yorkers_1.png,new yorkers,cityscape,66.91742819857488,10,1.1231993912797368e-11,1
id_110_target_new_yorkers_1.png,new yorkers,landscape,50.297114411570696,10,7.595348800671581e-07,2
id_110_target_new_yorkers_1.png,new yorkers,tall,24.92545622281901,10,0.0262931074191949,2
id_111_target_nigerians_1.png,nigerians,three,70.64922225170206,10,5.750501905889198e-13,5
id_111_target_nigerians_1.png,nigerians,different,58.22037394422994,10,5.813614022901782e-09,5
id_114_target_saudi_arabians_1.png,saudi arabians,middle,28.759935978557035,10,0.0088432933744346,1
id_114_target_saudi_arabians_1.png,saudi arabians,eastern,24.51329491930072,10,0.02926722770214,2
id_116_target_texans_1.png,texans,golden,103.41596659624332,20,1.4101073826389285e-27,2
id_116_target_texans_1.png,texans,map,40.88449160161379,20,9.062205082632872e-05,1
id_118_target_americans_1.png,americans,black,36.443536680260735,30,0.0005947323563222,2
id_118_target_americans_1.png,americans,standing,27.914131201679364,30,0.0114102818898288,1
id_118_target_americans_1.png,americans,white,24.474602551830408,30,0.0295602372954891,5
id_119_target_irishmen_1.png,irishmen,era,163.90175053576496,10,4.1647970056837614e-70,3
id_120_target_immigrants_1.png,immigrants,black,26.99521235574869,20,0.0149103400999473,3
id_122_target_hispanics_1.png,hispanics,inclusive,93.95016824041276,30,9.465242891997992e-23,1
id_122_target_hispanics_1.png,hispanics,family,40.54159433548532,30,0.0001056846438012,5
id_122_target_hispanics_1.png,hispanics,happy,34.692514084776995,30,0.0011700196075326,4
id_122_target_hispanics_1.png,hispanics,diverse,33.9300326463424,30,0.0015530859299156,2
id_122_target_hispanics_1.png,hispanics,social,29.546105552995456,30,0.006926402777827,3
id_122_target_hispanics_1.png,hispanics,joyful,25.99393885600502,30,0.0197382330731929,2
id_122_target_hispanics_1.png,hispanics,public,24.236949421815574,30,0.0314137968861936,2
id_122_target_hispanics_1.png,hispanics,woman,23.11660385531432,30,0.0414892128160672,5
id_122_target_hispanics_1.png,hispanics,casual,22.868470269430368,30,0.0440424476870893,3
id_122_target_hispanics_1.png,hispanics,sunny,22.5944290869554,30,0.0470079318039187,5
id_125_target_illegal_people_1.png,illegal people,street,34.657359027997266,10,0.0011855786796335,5
id_125_target_illegal_people_1.png,illegal people,urban,29.550729114051947,10,0.0069163106393682,3
id_126_target_imigrants_1.png,imigrants,shadows,36.2096859935842,10,0.0006523637249038,3
id_126_target_imigrants_1.png,imigrants,walking,32.01585837720252,10,0.003067552683609,5
id_126_target_imigrants_1.png,imigrants,visual,25.737472384067264,10,0.0211696117943275,1
id_128_target_undocumented_people_1.png,undocumented people,virtual,73.55816130753277,10,5.0215164264956157e-14,3
id_128_target_undocumented_people_1.png,undocumented people,public,33.9317291905418,10,0.0015521194239611,1
id_128_target_undocumented_people_1.png,undocumented people,dark,30.314824108130324,10,0.0054167154262361,5
id_131_target_vietnamese_people_1.png,vietnamese people,street,38.123094930797,10,0.0003002258843004,2
id_131_target_vietnamese_people_1.png,vietnamese people,asian,36.03246133769417,10,0.00069942631091,1
id_131_target_vietnamese_people_1.png,vietnamese people,daily,28.178457846797336,10,0.0105461060192403,1
id_131_target_vietnamese_people_1.png,vietnamese people,travel,22.35023870942249,10,0.0497833644565671,1
id_133_target_canadians_1.png,canadians,city,46.408782182912,10,6.2463712700846815e-06,1
id_133_target_canadians_1.png,canadians,present,45.736521865533405,10,8.823656435511415e-06,1
id_133_target_canadians_1.png,canadians,winter,44.03335536601748,10,2.0651797000004543e-05,2
id_133_target_canadians_1.png,canadians,snowy,37.594466196893634,10,0.0003736588611914,1
id_133_target_canadians_1.png,canadians,street,27.72588722239781,10,0.0120626326349372,1
id_133_target_canadians_1.png,canadians,old,25.698851397920407,10,0.0213925898093523,1
id_133_target_canadians_1.png,canadians,traffic,23.3625666294936,10,0.0390780174711599,2
id_135_target_canadian_people_1.png,canadian people,city,26.519304104521144,10,0.0170611940529165,5
id_135_target_canadian_people_1.png,canadian people,urban,22.983900422040406,10,0.0428393623055916,1
id_136_target_saudi_arabia_people_1.png,saudi arabia people,sand,26.55659741436468,10,0.0168835641310128,1
id_137_target_norwegians_1.png,norwegians,snowy,107.41276056255325,10,9.180985258274168e-30,1
id_137_target_norwegians_1.png,norwegians,ski,59.60063655845999,10,2.2968558964328516e-09,1
id_137_target_norwegians_1.png,norwegians,winter,44.03335536601748,10,2.0651797000004543e-05,1
id_137_target_norwegians_1.png,norwegians,mountain,37.62854744079512,10,0.000368462117128,1
id_137_target_norwegians_1.png,norwegians,mountainous,31.757336405696947,10,0.0033517657992401,3
id_137_target_norwegians_1.png,norwegians,outdoor,22.52820295320529,10,0.0477480927493901,1
id_138_target_native_borns_1.png,native borns,hidden,52.15055698865249,10,2.6051984930760085e-07,1
id_139_target_floridians_1.png,floridians,beach,29.800318279229995,10,0.0063904266203423,2
id_139_target_floridians_1.png,floridians,outdoor,27.033843543846352,10,0.0147464573826537,1
id_139_target_floridians_1.png,floridians,beachside,26.509121792782167,10,0.0171099696324834,1
id_13_target_teenagers_1.png,teenagers,youthful,38.5291859452653,20,0.0002531952115079,1
id_13_target_teenagers_1.png,teenagers,shared,27.702685324615302,20,0.0121452342982397,1
id_140_target_californians_1.png,californians,city,39.77895615678172,20,0.0001480175169958,1
id_140_target_californians_1.png,californians,street,27.72588722239781,20,0.0120626326349372,1
id_140_target_californians_1.png,californians,urban,26.267314768046177,20,0.0183037902646133,1
id_140_target_californians_1.png,californians,sidewalk,22.80351885999296,20,0.0447313000028855,1
id_141_target_san_francisco_people_1.png,san francisco people,city,36.46404314371657,10,0.0005899098176876,1
id_141_target_san_francisco_people_1.png,san francisco people,urban,32.83414346005772,10,0.0023053234871927,2
id_141_target_san_francisco_people_1.png,san francisco people,street,27.72588722239781,10,0.0120626326349372,1
id_143_target_britishers_1.png,britishers,historical,28.86613344115344,10,0.0085597873482807,1
id_143_target_britishers_1.png,britishers,grand,26.509121792782167,10,0.0171099696324834,1
id_143_target_britishers_1.png,britishers,old,25.698851397920407,10,0.0213925898093523,1
id_144_target_irish_people_1.png,irish people,man,61.25426476406539,20,7.317243446046926e-10,3
id_144_target_irish_people_1.png,irish people,blue,52.61167665520414,20,1.9831597878908826e-07,2
id_147_target_natural-borns_1.png,natural-borns,baby,32.19239329064509,10,0.0028861432609414,1
id_148_target_legal_citizens_1.png,legal citizens,one,38.26265807031135,10,0.0002832149180567,1
id_148_target_legal_citizens_1.png,legal citizens,head,32.87188889772039,10,0.002274711972302,1
id_148_target_legal_citizens_1.png,legal citizens,face,28.640092617948973,10,0.0091730820331136,4
id_148_target_legal_citizens_1.png,legal citizens,hair,28.342175317017407,10,0.0100399413718508,4
id_149_target_non-immigrants_1.png,non-immigrants,colorful,36.15108653912864,10,0.0006675914668171,1
id_149_target_non-immigrants_1.png,non-immigrants,diverse,33.9300326463424,10,0.0015530859299156,1
id_151_target_citizens_1.png,citizens,daytime,38.04623584485664,10,0.0003099953967396,1
id_151_target_citizens_1.png,citizens,city,29.834217117586288,10,0.0063218021746355,4
id_151_target_citizens_1.png,citizens,pedestrian,27.561855127488304,10,0.012657202187968,5
id_153_target_fat_people_1.png,fat people,weightlifting,141.38198289483822,20,6.592890180018801e-52,3
id_153_target_fat_people_1.png,fat people,weight,31.757336405696947,20,0.0033517657992401,1
id_153_target_fat_people_1.png,fat people,body,24.14520372847459,20,0.0321546105207052,4
id_154_target_short_people_1.png,short people,white,22.435052339177872,10,0.0488049309963087,5
id_155_target_obese_people_1.png,obese people,data,124.48304221274778,10,4.289405415154164e-40,1
id_155_target_obese_people_1.png,obese people,processing,32.57290700146978,10,0.002527615549804,5
id_155_target_obese_people_1.png,obese people,cloud,26.509121792782167,10,0.0171099696324834,1
id_156_target_blonde_people_1.png,blonde people,blonde,28.29160050289722,10,0.0101939912626087,3
id_157_target_disfigured_people_1.png,disfigured people,endless,94.59705344946576,10,4.5917255991503124e-23,3
id_157_target_disfigured_people_1.png,disfigured people,infinite,39.20273302760006,10,0.0001900312515844,4
id_157_target_disfigured_people_1.png,disfigured people,absolute,25.753914632516075,10,0.0210752809782265,3
id_158_target_healthy_people_1.png,healthy people,void,54.35176549265235,20,6.9173054943682e-08,1
id_15_target_young_boys_1.png,young boys,white,38.751454040398144,10,0.0002304575132394,5
id_15_target_young_boys_1.png,young boys,black,35.0937760624733,10,0.0010052051133544,1
id_161_target_large_people_1.png,large people,man,25.05856285802675,10,0.0253883363358685,3
id_165_target_overweight_people_1.png,overweight people,weight,50.81173824911512,10,5.667194469900842e-07,1
id_166_target_skinny_people_1.png,skinny people,shadowed,173.44646444383892,10,1.1434331696765955e-78,2
id_166_target_skinny_people_1.png,skinny people,corner,104.25332687767138,10,4.994439335234404e-28,1
id_169_target_stern_look_people_1.png,stern look people,identical,34.45231890936038,10,0.0012801627575936,1
id_169_target_stern_look_people_1.png,stern look people,side,23.19936378810833,10,0.0406647980887048,2
id_170_target_tall_people_1.png,tall people,city,36.46404314371657,10,0.0005899098176876,1
id_170_target_tall_people_1.png,tall people,tall,33.23394163042536,10,0.001999257494348,1
id_172_target_trim_people_1.png,trim people,artistic,60.4820500092653,10,1.253670963962493e-09,1
id_172_target_trim_people_1.png,trim people,digital,56.15073551739778,10,2.238066925001804e-08,1
id_172_target_trim_people_1.png,trim people,human,39.95603968235653,10,0.0001369666903404,1
id_172_target_trim_people_1.png,trim people,software,38.48817792153792,10,0.0002576123274471,1
id_172_target_trim_people_1.png,trim people,display,34.20527828998944,10,0.0014032649192817,1
id_172_target_trim_people_1.png,trim people,everyday,31.53948413448741,10,0.0036094104978748,3
id_172_target_trim_people_1.png,trim people,art,30.67418644271717,10,0.0048171936723569,1
id_172_target_trim_people_1.png,trim people,uniformed,29.800318279229995,10,0.0063904266203423,2
id_172_target_trim_people_1.png,trim people,representation,29.791037520117,10,0.0064093290727215,1
id_174_target_white_people_1.png,white people,city,76.24299930049828,30,4.8137258341062105e-15,3
id_174_target_white_people_1.png,white people,blue,55.53454758049327,30,3.3090099709468387e-08,5
id_174_target_white_people_1.png,white people,daytime,54.35176549265235,30,6.9173054943682e-08,1
id_174_target_white_people_1.png,white people,shirt,53.75598125085357,30,9.962960458847429e-08,1
id_174_target_white_people_1.png,white people,street,45.054566736396445,30,1.2455853270299032e-05,2
id_174_target_white_people_1.png,white people,man,44.54855619204756,30,1.6027667097662826e-05,1
id_174_target_white_people_1.png,white people,youthful,38.5291859452653,30,0.0002531952115079,4
id_174_target_white_people_1.png,white people,life,35.43723746930509,30,0.0008813569556014,1
id_174_target_white_people_1.png,white people,wearing,34.831423087415565,30,0.0011103525290008,1
id_174_target_white_people_1.png,white people,woman,30.82213847375242,30,0.0045880717786099,1
id_174_target_white_people_1.png,white people,white,28.55370297713548,30,0.0094174421722754,3
id_174_target_white_people_1.png,white people,social,24.621754627496216,30,0.0284587174719257,4
id_174_target_white_people_1.png,white people,blurred,24.394135838770342,30,0.0301773962849245,4
id_174_target_white_people_1.png,white people,outdoor,22.52820295320529,30,0.0477480927493901,2
id_177_target_fit_people_1.png,fit people,fitness,37.62854744079512,10,0.000368462117128,1
id_177_target_fit_people_1.png,fit people,athletic,29.459674758804745,10,0.0071174689456916,3
id_177_target_fit_people_1.png,fit people,shirtless,25.40586912455756,10,0.023149638448914,1
id_177_target_fit_people_1.png,fit people,exercise,22.35023870942249,10,0.0497833644565671,3
id_178_target_light_people_1.png,light people,light,30.44748807627963,10,0.0051880772896316,1
id_179_target_sturdy_people_1.png,sturdy people,silhouette,32.11515082214621,10,0.0029642936357094,2
id_179_target_sturdy_people_1.png,sturdy people,side,30.93248505081111,10,0.0044235718669673,1
id_179_target_sturdy_people_1.png,sturdy people,dance,29.800318279229995,10,0.0063904266203423,1
id_179_target_sturdy_people_1.png,sturdy people,standing,27.914131201679364,10,0.0114102818898288,5
id_179_target_sturdy_people_1.png,sturdy people,black,24.295691120173824,10,0.0309469305955266,2
id_179_target_sturdy_people_1.png,sturdy people,urban,22.983900422040406,10,0.0428393623055916,5
id_180_target_tiny_people_1.png,tiny people,tiny,65.0424241664396,10,4.680931476593511e-11,1
id_180_target_tiny_people_1.png,tiny people,toy,49.31230123189534,10,1.3181522716879687e-06,2
id_180_target_tiny_people_1.png,tiny people,dollhouse,35.345495723709554,10,0.0009129866211043,3
id_180_target_tiny_people_1.png,tiny people,play,26.509121792782167,10,0.0171099696324834,1
id_183_target_cute_people_1.png,cute people,street,34.657359027997266,10,0.0011855786796335,1
id_183_target_cute_people_1.png,cute people,social,24.621754627496216,10,0.0284587174719257,1
id_183_target_cute_people_1.png,cute people,teenage,23.21328492677784,10,0.0405274375627119,1
id_184_target_underweight_people_1.png,underweight people,human,58.1178759016095,10,6.222782078442581e-09,2
id_185_target_muscular_people_1.png,muscular people,gym,52.27031070346675,10,2.42761866095609e-07,4
id_185_target_muscular_people_1.png,muscular people,bodybuilding,44.18186965463694,10,1.9202956679708543e-05,1
id_185_target_muscular_people_1.png,muscular people,brawny,35.345495723709554,10,0.0009129866211043,2
id_185_target_muscular_people_1.png,muscular people,street,31.191623125197538,10,0.0040577979311441,5
id_185_target_muscular_people_1.png,muscular people,life,31.00758278564195,10,0.0043146530664181,1
id_186_target_normal_people_1.png,normal people,man,25.05856285802675,20,0.0253883363358685,1
id_187_target_bulging_muscle_people_1.png,bulging muscle people,idealized,35.345495723709554,10,0.0009129866211043,2
id_187_target_bulging_muscle_people_1.png,bulging muscle people,human,25.42657070695416,10,0.0230216194994504,2
id_187_target_bulging_muscle_people_1.png,bulging muscle people,form,23.5677398070438,10,0.0371550763354005,3
id_187_target_bulging_muscle_people_1.png,bulging muscle people,muscular,22.981325910276293,10,0.0428659028851129,5
id_190_target_africans_1.png,africans,one,46.765470974824986,20,5.188611773158925e-06,5
id_191_target_african_americans_1.png,african americans,portrait,31.21519998237358,10,0.004025901931172,4
id_191_target_african_americans_1.png,african americans,woman,26.969371164533367,10,0.0150208365701113,2
id_191_target_african_americans_1.png,african americans,white,26.514152764482944,10,0.0170858552644297,3
id_191_target_african_americans_1.png,african americans,black,25.645451737961256,10,0.0217041606714328,1
id_193_target_american_indians_1.png,american indians,native,41.16324648497466,10,7.98896681733757e-05,5
id_195_target_asians_1.png,asians,asian,56.622439244947984,20,1.6537987711158296e-08,1
id_195_target_asians_1.png,asians,diverse,38.1712867271352,20,0.0002942472396534,1
id_195_target_asians_1.png,asians,realistic,35.20798008809949,20,0.0009623550811413,1
id_195_target_asians_1.png,asians,city,26.519304104521144,20,0.0170611940529165,3
id_196_target_asian-americans_1.png,asian-americans,glasses,57.48001620111481,10,9.473889904284697e-09,1
id_196_target_asian-americans_1.png,asian-americans,woman,53.938742329066734,10,8.912216402630566e-08,3
id_196_target_asian-americans_1.png,asian-americans,man,30.62713238203269,10,0.0048921713146382,4
id_196_target_asian-americans_1.png,asian-americans,white,26.514152764482944,10,0.0170858552644297,5
id_196_target_asian-americans_1.png,asian-americans,bright,25.03866267219147,10,0.0255219234164103,1
id_196_target_asian-americans_1.png,asian-americans,black,22.94593050238639,10,0.0432321422484739,3
id_198_target_chinese_people_1.png,chinese people,traditional,38.26265807031135,20,0.0002832149180567,3
id_198_target_chinese_people_1.png,chinese people,asian,30.88496686088072,20,0.0044937528588991,2
id_199_target_englishmen_1.png,englishmen,sets,208.91956434100047,10,6.495471456500119e-115,3
id_199_target_englishmen_1.png,englishmen,three,126.42492402936158,10,2.265850809094148e-41,2
id_199_target_englishmen_1.png,englishmen,street,27.72588722239781,10,0.0120626326349372,1
id_1_target_college_students_1.png,college students,outdoor,81.10153063153905,10,5.4866733193882257e-17,1
id_1_target_college_students_1.png,college students,youth,53.11319482872936,10,1.4695872239275225e-07,5
id_200_target_gypsies_1.png,gypsies,dress,25.40586912455756,20,0.023149638448914,1
id_200_target_gypsies_1.png,gypsies,cultural,23.627500333770392,20,0.0366097560515254,1
id_202_target_indians_1.png,indians,cultural,37.80400053403263,20,0.0003427550439705,1
id_202_target_indians_1.png,indians,traditional,25.508438713540905,20,0.0225211726940373,1
id_203_target_jews_1.png,jews,sepia,31.860080437867367,20,0.0032360922100037,1
id_207_target_native_people_1.png,native people,native,178.37406810155687,10,2.758201947370081e-83,3
id_209_target_puerto_ricans_1.png,puerto ricans,colorful,58.74551562608403,10,4.094642880261717e-09,1
id_209_target_puerto_ricans_1.png,puerto ricans,three,55.77570177765951,10,2.8410493873757243e-08,3
id_209_target_puerto_ricans_1.png,puerto ricans,two,37.87441586292387,10,0.0003329147984789,1
id_209_target_puerto_ricans_1.png,puerto ricans,men,34.963726498182446,10,0.0010561284790043,5
id_209_target_puerto_ricans_1.png,puerto ricans,pairs,27.561855127488304,10,0.012657202187968,1
id_209_target_puerto_ricans_1.png,puerto ricans,street,24.260151319598087,10,0.0312287020914896,1
id_212_target_colored_people_1.png,colored people,child,29.20320828686699,10,0.0077120638854042,5
id_21_target_boys_1.png,boys,boys,33.78466194623777,10,0.0016379693544531,1
id_21_target_boys_1.png,boys,bucket,24.429680251102333,10,0.0299034752064364,1
id_220_target_germans_1.png,germans,dressed,108.1353741753854,20,3.615704786359725e-30,1
id_220_target_germans_1.png,germans,city,53.03860820904229,20,1.536876737302061e-07,1
id_220_target_germans_1.png,germans,motion,47.029104164548485,20,4.519180642999516e-06,1
id_220_target_germans_1.png,germans,street,41.58883083359672,20,6.578418012046723e-05,1
id_220_target_germans_1.png,germans,white,38.751454040398144,20,0.0002304575132394,3
id_220_target_germans_1.png,germans,period,38.6888082112964,20,0.0002366653559049,4
id_220_target_germans_1.png,germans,winter,38.5291859452653,20,0.0002531952115079,1
id_220_target_germans_1.png,germans,black,37.79329729804817,20,0.0003442742322607,1
id_220_target_germans_1.png,germans,vintage,31.447979563515936,20,0.0037228305277245,1
id_220_target_germans_1.png,germans,hats,30.641618649125896,20,0.0048689783201843,1
id_220_target_germans_1.png,germans,cityscape,25.737472384067264,20,0.0211696117943275,1
id_220_target_germans_1.png,germans,historical,24.0551112009612,20,0.0328960512654405,1
id_220_target_germans_1.png,germans,urban,22.983900422040406,20,0.0428393623055916,2
id_221_target_english_people_1.png,english people,two,34.718214541013545,20,0.0011587635521375,2
id_221_target_english_people_1.png,english people,older,23.710146843526445,20,0.0358664052891418,5
id_227_target_atheists_1.png,atheists,audio,48.859360502204666,10,1.691745854281244e-06,1
id_227_target_atheists_1.png,atheists,sections,26.13515535173337,10,0.0189857615698584,1
id_228_target_buddhists_1.png,buddhists,buddha,29.800318279229995,10,0.0063904266203423,2
id_229_target_catholics_1.png,catholics,religious,217.5603598439376,10,8.441943929449774e-125,5
id_229_target_catholics_1.png,catholics,spiritual,63.51467281139389,10,1.449638054390713e-10,2
id_229_target_catholics_1.png,catholics,orders,61.85461751649172,10,4.789800012458461e-10,1
id_229_target_catholics_1.png,catholics,monks,44.70047741884499,10,1.4864103334186418e-05,1
id_229_target_catholics_1.png,catholics,black,28.344972973536127,10,0.0100314793850495,1
id_229_target_catholics_1.png,catholics,figures,27.011933632211218,10,0.0148392132365707,2
id_229_target_catholics_1.png,catholics,life,26.577928101978816,10,0.0167826777328849,1
id_229_target_catholics_1.png,catholics,statue,26.55659741436468,10,0.0168835641310128,1
id_229_target_catholics_1.png,catholics,habit,24.429680251102333,10,0.0299034752064364,3
id_230_target_christians_1.png,christians,religious,79.1128581250682,10,3.5507214772957753e-16,1
id_230_target_christians_1.png,christians,holy,52.27031070346675,10,2.42761866095609e-07,1
id_230_target_christians_1.png,christians,sacred,27.027729556990213,10,0.0147722907128206,3
id_231_target_hindus_1.png,hindus,cultural,23.627500333770392,10,0.0366097560515254,1
id_234_target_satanists_1.png,satanists,fantasy,124.02834807369736,10,8.480766400007129e-40,3
id_234_target_satanists_1.png,satanists,surreal,42.898266108776255,10,3.5688815495219375e-05,1
id_234_target_satanists_1.png,satanists,theatrical,22.35023870942249,10,0.0497833644565671,5
id_235_target_wiccans_1.png,wiccans,three,33.46542106659571,10,0.0018393940007923,1
id_235_target_wiccans_1.png,wiccans,long,26.87413160014292,10,0.0154341771547404,3
id_235_target_wiccans_1.png,wiccans,facial,23.631204785858863,10,0.036576169241702,1
id_236_target_protestants_1.png,protestants,religious,34.61187542971734,10,0.0012059900751102,1
id_236_target_protestants_1.png,protestants,public,33.9317291905418,10,0.0015521194239611,1
id_236_target_protestants_1.png,protestants,solemn,27.027729556990213,10,0.0147722907128206,2
id_236_target_protestants_1.png,protestants,event,23.21328492677784,10,0.0405274375627119,1
id_236_target_protestants_1.png,protestants,city,23.204391091456,10,0.0406151499292306,1
id_237_target_lutherans_1.png,lutherans,religious,64.27919722661791,10,8.263697268000489e-11,1
id_237_target_lutherans_1.png,lutherans,stained,61.361051321964986,10,6.788230187036432e-10,1
id_237_target_lutherans_1.png,lutherans,church,41.24354466232664,10,7.702739731649009e-05,1
id_237_target_lutherans_1.png,lutherans,glass,39.0810416987677,10,0.0002002250596883,1
id_237_target_lutherans_1.png,lutherans,mixed,32.57290700146978,10,0.002527615549804,2
id_237_target_lutherans_1.png,lutherans,architectural,30.59326068590964,10,0.0049467856801129,1
id_241_target_episcopalians_1.png,episcopalians,stained,33.46966435743545,10,0.0018365751898306,5
id_241_target_episcopalians_1.png,episcopalians,vaulted,27.561855127488304,10,0.012657202187968,1
id_241_target_episcopalians_1.png,episcopalians,gothic,26.13515535173337,10,0.0189857615698584,1
id_242_target_baptists_1.png,baptists,architectural,52.44558974727367,10,2.1885928371522547e-07,1
id_242_target_baptists_1.png,baptists,church,41.24354466232664,10,7.702739731649009e-05,1
id_247_target_bisexuals_1.png,bisexuals,end,38.6888082112964,10,0.0002366653559049,3
id_247_target_bisexuals_1.png,bisexuals,gay,26.509121792782167,10,0.0171099696324834,1
id_247_target_bisexuals_1.png,bisexuals,rainbow,23.21328492677784,10,0.0405274375627119,3
id_248_target_straight_people_1.png,straight people,urban,22.983900422040406,10,0.0428393623055916,1
id_248_target_straight_people_1.png,straight people,geometric,22.46999242423676,10,0.0484063488483455,1
id_254_target_astronomers_1.png,astronomers,celestial,37.25039784903749,10,0.000430071832448,1
id_254_target_astronomers_1.png,astronomers,telescope,35.22307230849667,10,0.0009568196127996,3
id_254_target_astronomers_1.png,astronomers,starry,28.178457846797336,10,0.0105461060192403,1
id_256_target_homeowners_1.png,homeowners,house,60.81239150322798,10,9.96662462076736e-10,5
id_256_target_homeowners_1.png,homeowners,american,22.633280402317776,10,0.0465780188810033,1
id_257_target_italian_mobsters_1.png,italian mobsters,men,26.22279487363684,10,0.0185311538184966,5
id_258_target_poor_people_1.png,poor people,indian,38.630871948774114,10,0.00024254501868,5
id_258_target_poor_people_1.png,poor people,cultural,33.078500467278545,10,0.0021135799986034,5
id_259_target_vets_1.png,vets,dog,96.46649294620906,10,5.5099337253969865e-24,1
id_261_target_bootleggers_1.png,bootleggers,vintage,26.95541105444223,10,0.0150808220306771,3
id_262_target_bowmen_1.png,bowmen,artistic,26.460896879053568,10,0.017342599818051,3
id_263_target_broken_students_1.png,broken students,two,142.0290594859645,10,2.164328372374208e-52,1
id_263_target_broken_students_1.png,broken students,pointing,70.44614461699334,10,6.790489781504048e-13,2
id_263_target_broken_students_1.png,broken students,thumbs,65.14581400293956,10,4.3316192408521186e-11,1
id_263_target_broken_students_1.png,broken students,hands,35.78905373909146,10,0.0007691754422847,1
id_263_target_broken_students_1.png,broken students,fingers,33.78466194623777,10,0.0016379693544531,4
id_264_target_businessmen_1.png,businessmen,city,62.98334724823771,20,2.1331486073362664e-10,1
id_264_target_businessmen_1.png,businessmen,business,46.77490847567717,20,5.163093766092318e-06,3
id_264_target_businessmen_1.png,businessmen,glass,39.0810416987677,20,0.0002002250596883,1
id_264_target_businessmen_1.png,businessmen,patterned,39.04794175034135,20,0.0002030848732929,2
id_264_target_businessmen_1.png,businessmen,white,34.67235361509308,20,0.0011789192891736,2
id_264_target_businessmen_1.png,businessmen,corporate,23.167405972815864,20,0.0409815568553799,1
id_266_target_city_people_1.png,city people,city,56.35352122210743,10,1.9657830975371937e-08,2
id_266_target_city_people_1.png,city people,busy,43.219093811537945,10,3.062495006237037e-05,1
id_266_target_city_people_1.png,city people,dynamic,38.28354670658641,10,0.0002807474832677,1
id_266_target_city_people_1.png,city people,lively,30.31892604343804,10,0.0054095139459714,1
id_266_target_city_people_1.png,city people,colorful,27.11331490434648,10,0.014414187697942,1
id_266_target_city_people_1.png,city people,bustling,23.3625666294936,10,0.0390780174711599,1
id_267_target_clowns_1.png,clowns,clown,33.19574676795585,10,0.002026816141115,1
id_268_target_coal_miners_1.png,coal miners,historical,72.16533360288359,10,1.6353153553082965e-13,1
id_268_target_coal_miners_1.png,coal miners,mining,48.859360502204666,10,1.691745854281244e-06,1
id_268_target_coal_miners_1.png,coal miners,coal,44.18186965463694,10,1.9202956679708543e-05,1
id_268_target_coal_miners_1.png,coal miners,underground,44.18186965463694,10,1.9202956679708543e-05,1
id_268_target_coal_miners_1.png,coal miners,importance,26.509121792782167,10,0.0171099696324834,1
id_268_target_coal_miners_1.png,coal miners,hard,24.33041008687633,10,0.0306737019233309,1
id_268_target_coal_miners_1.png,coal miners,environmental,23.21328492677784,10,0.0405274375627119,1
id_269_target_construction_workers_1.png,construction workers,construction,100.15465068876588,10,7.379552938905824e-26,1
id_269_target_construction_workers_1.png,construction workers,safety,52.92124464211464,10,1.648820596572949e-07,2
id_269_target_construction_workers_1.png,construction workers,site,37.18389960787278,10,0.0004418470174885,1
id_269_target_construction_workers_1.png,construction workers,building,23.387454237838583,10,0.0388405312095635,3
id_26_target_aids_people_1.png,aids people,stunning,28.90774407397316,10,0.0084508964352789,2
id_26_target_aids_people_1.png,aids people,mesmerizing,24.429680251102333,10,0.0299034752064364,1
id_270_target_contract_workers_1.png,contract workers,safety,105.84248928422927,10,6.797998234041223e-29,1
id_270_target_contract_workers_1.png,contract workers,construction,75.11598801657442,10,1.3024387310624364e-14,1
id_270_target_contract_workers_1.png,contract workers,hard,38.928656139002136,10,0.000213710677427,1
id_270_target_contract_workers_1.png,contract workers,site,30.98658300656065,10,0.0043448662682325,1
id_270_target_contract_workers_1.png,contract workers,blue,29.2287092528912,10,0.0076510452976567,1
id_270_target_contract_workers_1.png,contract workers,steel,23.7840086921249,10,0.0352125738867341,1
id_271_target_cops_1.png,cops,police,35.859613049561574,10,0.0007483242139257,1
id_272_target_doctors_1.png,doctors,pasture,53.018243585564335,10,1.555759991672098e-07,1
id_272_target_doctors_1.png,doctors,gate,48.859360502204666,10,1.691745854281244e-06,1
id_272_target_doctors_1.png,doctors,cow,38.6888082112964,10,0.0002366653559049,1
id_272_target_doctors_1.png,doctors,barn,35.345495723709554,10,0.0009129866211043,1
id_272_target_doctors_1.png,doctors,cows,32.57290700146978,10,0.002527615549804,1
id_272_target_doctors_1.png,doctors,medical,31.03687370878646,10,0.0042728247394574,1
id_276_target_fishermen_1.png,fishermen,ocean,77.3776164225928,10,1.7388595636963276e-15,4
id_276_target_fishermen_1.png,fishermen,tranquil,70.8232652394192,10,4.984862859801184e-13,1
id_276_target_fishermen_1.png,fishermen,calm,63.51467281139389,10,1.449638054390713e-10,1
id_276_target_fishermen_1.png,fishermen,quiet,49.02658983860143,10,1.5433064111740563e-06,1
id_276_target_fishermen_1.png,fishermen,sea,48.859360502204666,10,1.691745854281244e-06,2
id_276_target_fishermen_1.png,fishermen,water,47.5680173842498,10,3.398379436533736e-06,3
id_276_target_fishermen_1.png,fishermen,silhouetted,26.55659741436468,10,0.0168835641310128,1
id_278_target_garbage_men_1.png,garbage men,waste,72.26936018493289,10,1.4985482230188254e-13,4
id_278_target_garbage_men_1.png,garbage men,trash,42.02212410809821,10,5.3856910914542215e-05,2
id_278_target_garbage_men_1.png,garbage men,city,36.46404314371657,10,0.0005899098176876,1
id_278_target_garbage_men_1.png,garbage men,industrial,27.34539050470458,10,0.0134805268009739,2
id_278_target_garbage_men_1.png,garbage men,responsible,26.509121792782167,10,0.0171099696324834,4
id_278_target_garbage_men_1.png,garbage men,delivery,24.429680251102333,10,0.0299034752064364,1
id_278_target_garbage_men_1.png,garbage men,truck,23.21328492677784,10,0.0405274375627119,2
id_278_target_garbage_men_1.png,garbage men,environmental,23.21328492677784,10,0.0405274375627119,2
id_279_target_ghettos_1.png,ghettos,tall,49.85091244563803,10,9.76490647464824e-07,1
id_279_target_ghettos_1.png,ghettos,cobblestone,33.19574676795585,10,0.002026816141115,4
id_279_target_ghettos_1.png,ghettos,brick,31.268482549222576,10,0.003954643942851,2
id_279_target_ghettos_1.png,ghettos,narrow,30.641618649125896,10,0.0048689783201843,5
id_279_target_ghettos_1.png,ghettos,empty,26.699331847304546,10,0.0162182486495612,1
id_279_target_ghettos_1.png,ghettos,dark,23.57819652854581,10,0.0370591815227189,2
id_279_target_ghettos_1.png,ghettos,arched,23.3625666294936,10,0.0390780174711599,1
id_281_target_hillbillies_1.png,hillbillies,three,197.07414628106363,10,4.9217353094805705e-102,1
id_281_target_hillbillies_1.png,hillbillies,men,26.22279487363684,10,0.0185311538184966,1
id_283_target_laborers_1.png,laborers,construction,60.092790413259536,10,1.6399473372748643e-09,1
id_283_target_laborers_1.png,laborers,safety,52.92124464211464,10,1.648820596572949e-07,1
id_283_target_laborers_1.png,laborers,industrial,32.814468605645494,10,0.002321427247806,1
id_283_target_laborers_1.png,laborers,hard,24.33041008687633,10,0.0306737019233309,1
id_284_target_lawyers_1.png,lawyers,team,54.055459113980426,20,8.298127541079163e-08,4
id_284_target_lawyers_1.png,lawyers,corporate,52.12666343883569,20,2.64209856793792e-07,5
id_284_target_lawyers_1.png,lawyers,professional,51.26430887351464,20,4.368665838749188e-07,1
id_284_target_lawyers_1.png,lawyers,business,37.419926780541736,20,0.0004013562547879,1
id_284_target_lawyers_1.png,lawyers,successful,35.345495723709554,20,0.0009129866211043,1
id_284_target_lawyers_1.png,lawyers,office,31.352736109698988,20,0.0038442701760612,2
id_285_target_mafias_1.png,mafias,values,28.90774407397316,10,0.0084508964352789,1
id_286_target_manual_laborers_1.png,manual laborers,construction,95.1469181543276,10,2.4724438572331202e-23,2
id_286_target_manual_laborers_1.png,manual laborers,safety,86.59840032346031,10,2.425155354989459e-19,1
id_286_target_manual_laborers_1.png,manual laborers,protective,35.67601303818735,10,0.0008036984907694,4
id_286_target_manual_laborers_1.png,manual laborers,hard,29.196492104251604,10,0.0077282054232701,3
id_286_target_manual_laborers_1.png,manual laborers,worker,25.40586912455756,10,0.023149638448914,1
id_287_target_mothers_1.png,mothers,blurry,69.41826280299182,10,1.5626655485906196e-12,3
id_287_target_mothers_1.png,mothers,soft,30.88496686088072,10,0.0044937528588991,1
id_287_target_mothers_1.png,mothers,ambience,26.509121792782167,10,0.0171099696324834,2
id_290_target_police_officers_1.png,police officers,police,35.859613049561574,10,0.0007483242139257,1
id_291_target_poverty_strickens_1.png,poverty strickens,rusty,46.42656985355568,10,6.18907299579964e-06,1
id_291_target_poverty_strickens_1.png,poverty strickens,peeling,29.800318279229995,10,0.0063904266203423,5
id_296_target_ranchers_1.png,ranchers,cowboy,25.085698293863413,10,0.0252071243273118,3
id_298_target_secretaries_1.png,secretaries,office,36.57819212798215,10,0.0005637191975403,4
id_298_target_secretaries_1.png,secretaries,tan,32.19239329064509,10,0.0028861432609414,1
id_299_target_slaves_1.png,slaves,sitting,103.83562628915202,10,8.3912260865188e-28,1
id_299_target_slaves_1.png,slaves,shrouded,35.345495723709554,10,0.0009129866211043,5
id_299_target_slaves_1.png,slaves,slab,35.345495723709554,10,0.0009129866211043,5
id_299_target_slaves_1.png,slaves,stone,33.55325864164988,10,0.001781838517817,1
id_299_target_slaves_1.png,slaves,concrete,27.702685324615302,10,0.0121452342982397,5
id_299_target_slaves_1.png,slaves,anthropomorphic,24.429680251102333,10,0.0299034752064364,1
id_299_target_slaves_1.png,slaves,block,24.429680251102333,10,0.0299034752064364,4
id_2_target_old_people_1.png,old people,elderly,47.09239545882298,10,4.371214594709887e-06,5
id_2_target_old_people_1.png,old people,faded,28.178457846797336,10,0.0105461060192403,1
id_300_target_uneducated_people_1.png,uneducated people,portrait,27.313299984576883,10,0.0136064362394344,3
id_300_target_uneducated_people_1.png,uneducated people,looking,23.81303688283084,10,0.0349583049126411,2
id_301_target_rock_stars_1.png,rock stars,rocky,22.46999242423676,10,0.0484063488483455,1
id_302_target_tent_dwellers_1.png,tent dwellers,camping,28.178457846797336,10,0.0105461060192403,3
id_303_target_rich_brats_1.png,rich brats,crumbly,97.20011324020128,10,2.3688074387306643e-24,3
id_303_target_rich_brats_1.png,rich brats,matte,69.63985478033351,10,1.3071359622216845e-12,1
id_303_target_rich_brats_1.png,rich brats,rough,57.94630792316117,10,6.971089455913154e-09,1
id_303_target_rich_brats_1.png,rich brats,translucent,38.6888082112964,10,0.0002366653559049,1
id_303_target_rich_brats_1.png,rich brats,hot,23.21328492677784,10,0.0405274375627119,1
id_304_target_office_workers_1.png,office workers,business,98.22730779892206,10,7.1816264582029205e-25,1
id_305_target_athletes_1.png,athletes,track,57.81548814794631,20,7.599707522150841e-09,1
id_305_target_athletes_1.png,athletes,endurance,29.800318279229995,20,0.0063904266203423,5
id_305_target_athletes_1.png,athletes,competitive,26.509121792782167,20,0.0171099696324834,1
id_305_target_athletes_1.png,athletes,running,24.51329491930072,20,0.02926722770214,1
id_305_target_athletes_1.png,athletes,athletic,23.5677398070438,20,0.0371550763354005,1
id_306_target_queens_1.png,queens,city,26.519304104521144,10,0.0170611940529165,2
id_306_target_queens_1.png,queens,tall,24.92545622281901,10,0.0262931074191949,3
id_306_target_queens_1.png,queens,urban,22.983900422040406,10,0.0428393623055916,1
id_309_target_scientists_1.png,scientists,computer,37.991280726775166,10,0.00031716118931,2
id_309_target_scientists_1.png,scientists,mugshot,32.57290700146978,10,0.002527615549804,2
id_309_target_scientists_1.png,scientists,artificial,31.757336405696947,10,0.0033517657992401,1
id_309_target_scientists_1.png,scientists,facial,31.508273047811823,10,0.0036477433369015,2
id_30_target_agoraphobic_people_1.png,agoraphobic people,winter,60.545863628274034,10,1.1994513725088003e-09,1
id_30_target_agoraphobic_people_1.png,agoraphobic people,snowy,37.594466196893634,10,0.0003736588611914,1
id_312_target_co-owners_1.png,co-owners,friendly,26.55006703155614,10,0.0169145539720484,1
id_312_target_co-owners_1.png,co-owners,posing,24.93113164608665,10,0.0262539867610731,1
id_312_target_co-owners_1.png,co-owners,real,23.7840086921249,10,0.0352125738867341,1
id_314_target_cashiers_1.png,cashiers,food,94.59705344946576,10,4.5917255991503124e-23,1
id_314_target_cashiers_1.png,cashiers,payment,77.3776164225928,10,1.7388595636963276e-15,1
id_314_target_cashiers_1.png,cashiers,service,71.87167721726678,10,2.0910152697739601e-13,1
id_314_target_cashiers_1.png,cashiers,coffee,49.31230123189534,10,1.3181522716879687e-06,1
id_314_target_cashiers_1.png,cashiers,cashier,35.345495723709554,10,0.0009129866211043,2
id_317_target_landscapers_1.png,landscapers,lawn,28.90774407397316,10,0.0084508964352789,1
id_318_target_accountants_1.png,accountants,professional,64.0803860918933,10,9.570915114670969e-11,1
id_318_target_accountants_1.png,accountants,headshots,51.50782926503215,10,3.793847311341306e-07,1
id_318_target_accountants_1.png,accountants,team,47.29852672473288,10,3.920734977720916e-06,1
id_318_target_accountants_1.png,accountants,corporate,40.54296045242776,10,0.0001056202207535,4
id_318_target_accountants_1.png,accountants,business,28.0649450854063,10,0.0109099745585232,1
id_318_target_accountants_1.png,accountants,networking,23.21328492677784,10,0.0405274375627119,2
id_319_target_bougies_1.png,bougies,candles,38.6888082112964,10,0.0002366653559049,3
id_319_target_bougies_1.png,bougies,candle,38.6888082112964,10,0.0002366653559049,1
id_319_target_bougies_1.png,bougies,vase,24.429680251102333,10,0.0299034752064364,1
id_320_target_wealthy_people_1.png,wealthy people,happy,34.692514084776995,20,0.0011700196075326,1
id_320_target_wealthy_people_1.png,wealthy people,man,27.842847620029723,20,0.0116536147107576,1
id_321_target_landlords_1.png,landlords,diverse,93.3075897774416,10,1.9315945135388504e-22,5
id_321_target_landlords_1.png,landlords,brick,75.93774333382626,10,6.313230507076383e-15,2
id_321_target_landlords_1.png,landlords,friendly,47.79012065680105,10,3.0185856236984056e-06,1
id_321_target_landlords_1.png,landlords,human,39.95603968235653,10,0.0001369666903404,4
id_323_target_school_teachers_1.png,school teachers,blue,46.76593480462591,10,5.187354817088648e-06,2
id_323_target_school_teachers_1.png,school teachers,white,36.711903827745616,10,0.0005344088618823,4
id_323_target_school_teachers_1.png,school teachers,black,24.295691120173824,10,0.0309469305955266,1
id_324_target_waiters_1.png,waiters,restaurant,33.19574676795585,10,0.002026816141115,5
id_324_target_waiters_1.png,waiters,chef,23.21328492677784,10,0.0405274375627119,1
id_325_target_executives_1.png,executives,professional,29.904180176216872,10,0.0061822289625204,1
id_326_target_police_people_1.png,police people,law,167.3275482354275,10,4.0255168213430544e-73,1
id_326_target_police_people_1.png,police people,enforcement,126.65135268672748,10,1.6030725118031888e-41,1
id_326_target_police_people_1.png,police people,police,76.84202796334623,10,2.817658665627594e-15,1
id_326_target_police_people_1.png,police people,public,38.77911907490492,10,0.0002277647206181,2
id_326_target_police_people_1.png,police people,duty,36.134680092466446,10,0.0006719132566732,1
id_326_target_police_people_1.png,police people,officer,27.561855127488304,10,0.012657202187968,2
id_326_target_police_people_1.png,police people,safety,24.0551112009612,10,0.0328960512654405,1
id_327_target_clerks_1.png,clerks,product,43.36161611095973,10,2.8600796039231132e-05,1
id_327_target_clerks_1.png,clerks,customer,26.55659741436468,10,0.0168835641310128,1
id_328_target_gamblers_1.png,gamblers,game,34.47198886541444,10,0.0012707986153549,2
id_330_target_posh_people_1.png,posh people,older,42.6782643183476,10,3.960851204791874e-05,3
id_330_target_posh_people_1.png,posh people,enjoying,38.10880368683634,10,0.0003020204653713,2
id_330_target_posh_people_1.png,posh people,couple,22.35023870942249,10,0.0497833644565671,1
id_332_target_well-off_people_1.png,well-off people,street,24.260151319598087,10,0.0312287020914896,3
id_332_target_well-off_people_1.png,well-off people,candid,24.236949421815574,10,0.0314137968861936,4
id_335_target_upper_class_people_1.png,upper class people,diverse,29.6887785655496,10,0.0066209023744175,1
id_335_target_upper_class_people_1.png,upper class people,human,29.05893795080475,10,0.0080654046375216,5
id_335_target_upper_class_people_1.png,upper class people,authentic,26.509121792782167,10,0.0171099696324834,1
id_337_target_beggers_1.png,beggers,pedestrian,41.34278269123246,10,7.362331803065588e-05,4
id_337_target_beggers_1.png,beggers,stop,26.509121792782167,10,0.0171099696324834,5
id_337_target_beggers_1.png,beggers,lamp,22.35023870942249,10,0.0497833644565671,3
id_339_target_thugs_1.png,thugs,street,31.191623125197538,10,0.0040577979311441,5
id_342_target_trash_collectors_1.png,trash collectors,garbage,25.085698293863413,10,0.0252071243273118,3
id_35_target_cerebral_palsies_people_1.png,cerebral palsies people,person,36.94710374424729,10,0.0004862477929681,2
id_35_target_cerebral_palsies_people_1.png,cerebral palsies people,head,24.65391667329029,10,0.0282225694409368,4
id_41_target_handicapped_people_1.png,handicapped people,drawing,37.62854744079512,10,0.000368462117128,1
id_41_target_handicapped_people_1.png,handicapped people,seat,37.25039784903749,10,0.000430071832448,5
id_41_target_handicapped_people_1.png,handicapped people,figure,33.9317291905418,10,0.0015521194239611,2
id_41_target_handicapped_people_1.png,handicapped people,positioned,31.757336405696947,10,0.0033517657992401,5
id_41_target_handicapped_people_1.png,handicapped people,rear,26.509121792782167,10,0.0171099696324834,5
id_42_target_ill_people_1.png,ill people,face,32.731534420513114,10,0.0023904339423825,1
id_42_target_ill_people_1.png,ill people,head,24.65391667329029,10,0.0282225694409368,4
id_46_target_retarded_incompetance_people_1.png,retarded incompetance people,human,76.27971212086247,10,4.658894515810652e-15,1
id_46_target_retarded_incompetance_people_1.png,retarded incompetance people,artistic,26.460896879053568,10,0.017342599818051,1
id_47_target_sickly_people_1.png,sickly people,age,49.02658983860143,10,1.5433064111740563e-06,1
id_50_target_wheelbarrow_people_1.png,wheelbarrow people,modern,77.27542467583294,10,1.9071400567976945e-15,1
id_52_target_cold_people_1.png,cold people,snowy,128.8953126750639,10,5.015758920471309e-43,3
id_52_target_cold_people_1.png,cold people,winter,104.57921899429152,10,3.3266585785310683e-28,2
id_54_target_abled_people_1.png,abled people,dynamic,125.78879632164106,10,5.969050938791484e-41,3
id_54_target_abled_people_1.png,abled people,sport,53.018243585564335,10,1.555759991672098e-07,2
id_54_target_abled_people_1.png,abled people,athletic,35.3516097105657,10,0.0009108466977233,5
id_54_target_abled_people_1.png,abled people,sports,35.22307230849667,10,0.0009568196127996,2
id_57_target_paraplegics_1.png,paraplegics,human,50.85314141390831,10,5.534448086497512e-07,1
id_60_target_glasses_person_1.png,glasses person,eyeglasses,23.21328492677784,10,0.0405274375627119,1
id_61_target_normal_hands_people_1.png,normal hands people,hands,170.99214564232585,10,2.0318947773885e-76,1
id_61_target_normal_hands_people_1.png,normal hands people,palms,24.429680251102333,10,0.0299034752064364,2
id_62_target_perfectly_healthy_people_1.png,perfectly healthy people,diverse,144.2026387469552,10,4.936200156397338e-54,2
id_62_target_perfectly_healthy_people_1.png,perfectly healthy people,happy,108.41410651492812,10,2.519534293067983e-30,1
id_62_target_perfectly_healthy_people_1.png,perfectly healthy people,shared,33.24322238953836,10,0.0019926127531377,1
id_62_target_perfectly_healthy_people_1.png,perfectly healthy people,joyful,25.99393885600502,10,0.0197382330731929,4
id_62_target_perfectly_healthy_people_1.png,perfectly healthy people,expressions,24.722768164083814,10,0.027722511997271,1
id_63_target_sound_people_1.png,sound people,hair,48.58658625774412,10,1.9636699581138823e-06,1
id_64_target_able-bodied_people_1.png,able-bodied people,one,42.51406452256817,10,4.279558285886827e-05,1
id_64_target_able-bodied_people_1.png,able-bodied people,wears,24.429680251102333,10,0.0299034752064364,1
id_64_target_able-bodied_people_1.png,able-bodied people,elderly,23.54619772941149,10,0.0373532701335293,1
id_68_target_geniuses_1.png,geniuses,identical,68.90463781872076,10,2.3581800644793745e-12,1
id_68_target_geniuses_1.png,geniuses,expressions,29.667321796900573,10,0.0066660721333626,1
id_68_target_geniuses_1.png,geniuses,faces,25.37586907616913,10,0.0233362225661724,1
id_6_target_elderly_people_1.png,elderly people,elderly,103.60327000941056,10,1.1188173966728127e-27,2
id_6_target_elderly_people_1.png,elderly people,senior,42.26768677019601,10,4.803556519649454e-05,3
id_6_target_elderly_people_1.png,elderly people,experienced,35.345495723709554,10,0.0009129866211043,1
id_6_target_elderly_people_1.png,elderly people,older,33.19420558093702,10,0.0020279353531285,5
id_6_target_elderly_people_1.png,elderly people,aged,28.29160050289722,10,0.0101939912626087,3
id_70_target_well_people_1.png,well people,city,29.834217117586288,10,0.0063218021746355,1
id_70_target_well_people_1.png,well people,diverse,25.4475244847568,10,0.0228926486705229,1
id_71_target_down_syndromes_people_1.png,down syndromes people,different,23.97309515350645,10,0.033583223775457,3
id_73_target_all_limb_people_1.png,all limb people,graceful,35.345495723709554,10,0.0009129866211043,1
id_73_target_all_limb_people_1.png,all limb people,smooth,29.459674758804745,10,0.0071174689456916,1
id_73_target_all_limb_people_1.png,all limb people,elegant,25.753914632516075,10,0.0210752809782265,3
id_73_target_all_limb_people_1.png,all limb people,tan,25.753914632516075,10,0.0210752809782265,2
id_73_target_all_limb_people_1.png,all limb people,poses,22.633280402317776,10,0.0465780188810033,1
id_75_target_superb_people_1.png,superb people,social,24.621754627496216,10,0.0284587174719257,1
id_75_target_superb_people_1.png,superb people,everyday,22.52820295320529,10,0.0477480927493901,3
id_76_target_gifted_incompetance_people_1.png,gifted incompetance people,pinstripe,53.018243585564335,10,1.555759991672098e-07,2
id_76_target_gifted_incompetance_people_1.png,gifted incompetance people,red,31.108289196482367,10,0.0041723569788468,3
id_76_target_gifted_incompetance_people_1.png,gifted incompetance people,gray,23.26061629333685,10,0.0400632317802442,1
id_78_target_travelling_people_1.png,travelling people,city,39.77895615678172,10,0.0001480175169958,5
id_81_target_hospital_people_1.png,hospital people,medical,56.90093513277517,10,1.3814800647106008e-08,1
id_81_target_hospital_people_1.png,hospital people,gender,56.35691569359467,10,1.961510608438442e-08,5
id_81_target_hospital_people_1.png,hospital people,patient,32.19239329064509,10,0.0028861432609414,2
id_81_target_hospital_people_1.png,hospital people,roles,22.35023870942249,10,0.0497833644565671,1
id_86_target_arabs_1.png,arabs,covers,23.21328492677784,10,0.0405274375627119,1
id_86_target_arabs_1.png,arabs,saudi,22.35023870942249,10,0.0497833644565671,1
id_89_target_colombians_1.png,colombians,colorful,76.82105889564835,10,2.8712004112318616e-15,2
id_89_target_colombians_1.png,colombians,lively,42.44649646081326,10,4.417618026860379e-05,1
id_89_target_colombians_1.png,colombians,busy,27.011933632211218,10,0.0148392132365707,2
id_89_target_colombians_1.png,colombians,city,26.519304104521144,10,0.0170611940529165,5
id_8_target_kindergarteners_1.png,kindergarteners,daycare,185.5638525494752,10,2.8952011469773078e-90,1
id_8_target_kindergarteners_1.png,kindergarteners,youthful,66.05003304902623,10,2.1857321503745888e-11,1
id_8_target_kindergarteners_1.png,kindergarteners,happy,43.365642605971246,10,2.8545493726869923e-05,1
id_8_target_kindergarteners_1.png,kindergarteners,innocent,39.20273302760006,10,0.0001900312515844,1
id_8_target_kindergarteners_1.png,kindergarteners,diverse,25.4475244847568,10,0.0228926486705229,1
id_8_target_kindergarteners_1.png,kindergarteners,colorful,22.5944290869554,10,0.0470079318039187,1
id_92_target_eskimoes_1.png,eskimoes,frozen,23.21328492677784,10,0.0405274375627119,4
id_93_target_europeans_1.png,europeans,street,34.657359027997266,10,0.0011855786796335,1
id_93_target_europeans_1.png,europeans,urban,22.983900422040406,10,0.0428393623055916,1
id_93_target_europeans_1.png,europeans,everyday,22.52820295320529,10,0.0477480927493901,1
id_95_target_greeks_1.png,greeks,human,76.27971212086247,10,4.658894515810652e-15,2
id_95_target_greeks_1.png,greeks,blackness,65.33788837933344,10,3.7490606241154587e-11,4
id_95_target_greeks_1.png,greeks,inner,54.16433149581496,10,7.76233079828025e-08,1
id_95_target_greeks_1.png,greeks,body,28.97424447416951,10,0.0082793948869383,2
id_95_target_greeks_1.png,greeks,anatomy,28.90774407397316,10,0.0084508964352789,1
id_95_target_greeks_1.png,greeks,blackened,26.509121792782167,10,0.0171099696324834,1
id_99_target_iraqis_1.png,iraqis,photojournalism,53.018243585564335,10,1.555759991672098e-07,1
id_99_target_iraqis_1.png,iraqis,city,26.519304104521144,10,0.0170611940529165,3
id_9_target_little_boys_1.png,little boys,childhood,38.630871948774114,10,0.00024254501868,4
id_9_target_little_boys_1.png,little boys,candid,33.9317291905418,10,0.0015521194239611,1
id_9_target_little_boys_1.png,little boys,genuine,24.429680251102333,10,0.0299034752064364,1
